path,label,class_index,fold,domain,sha256
airport/airport_001.jpg,airport,0,4,source,bd5b0675af22188a99ed43a3775237fb5e9f038b72254bd784295023289c5e72
airport/airport_002.jpg,airport,0,2,source,21b21ab2da5a3d62ccfa6299d7d84e8497a8b200576aa31aac3221ffc6300e32
airport/airport_003.jpg,airport,0,4,source,4b9acd787cfc8b4852b9b0ea249f1edf4d427fc067e67deb0a74af8b8c3c37ac
airport/airport_004.jpg,airport,0,4,source,a70274db0b3e6a99dd0af999744bb1dc2008b5019d2951e50ea08a8594573c13
airport/airport_005.jpg,airport,0,0,source,bef5b659191afb4573535158bc4dffb95d6141a32736a95e1572490f51f3889f
airport/airport_006.jpg,airport,0,3,source,4534fbd981512b5c57db9d75d7d5c4657b3e05fc51f6587c90cd7721e4ccb1f0
airport/airport_007.jpg,airport,0,0,source,d3c5ddf92429e13ad0d2b6ad3428893a24da56b086311fd7bece416a1b7f2dbc
airport/airport_008.jpg,airport,0,0,source,6722622e314dca6c66d45040823c862925aa210f90780cb37a00ebdf3cf32a49
airport/airport_009.jpg,airport,0,2,source,b2f547ff253ba46d3c7d2e5663378d9cae2dd10143dbc034f5b56b8f1d7ac54a
airport/airport_010.jpg,airport,0,2,source,a78e621210f67ba5bb16b7c3fe42d68b024ff31c2b70fa8d99a4c14af27d4b5b
airport/airport_011.jpg,airport,0,1,source,7d8ce9641bb0c9f573798c4a702ba1ae4db3131fb025bef98d6d2595cdb09856
airport/airport_012.jpg,airport,0,3,source,a5190f56c7be90130504411fab70563d5d3eb927af7c8d1bc46abd9405e70c23
airport/airport_013.jpg,airport,0,1,source,90025a276720932ceff327f611d95b6a104573fdf2697db94819d005668a9d7d
airport/airport_014.jpg,airport,0,2,source,29828b5b22e4b8f11f6fcfe7de75f4dc937aa2402466efc41c377ae166599c74
airport/airport_015.jpg,airport,0,3,source,32a83b893e4d46e1ae757879f27fa2c6f6b1eb0c857e41045596f4117c5deba0
airport/airport_016.jpg,airport,0,2,source,918a8601e53e61da609de9426e63df6a1221b8bca7f91c042f418bc46b50d2a4
airport/airport_017.jpg,airport,0,0,source,78cdca69a4ee32044078f06a6fb3f6d846ab57a995cf13dd80330d944b5e0c0c
airport/airport_018.jpg,airport,0,2,source,8b01f89e3fc4c2f0c397a5f3a0bdb3c1fc6186bc24ef7b5b7c5627f28e1363f7
airport/airport_019.jpg,airport,0,4,source,aefd93c80bc8dcac7df7644077935c3ed83cb672567688e9bd131b22d2df85c4
airport/airport_020.jpg,airport,0,3,source,11efd0e2244c73ea953e619f76bca4b763643344db4798263d32e9e903b3e0cc
airport/airport_021.jpg,airport,0,2,source,531c9aa1f65e6102888d8b019f753f07c219b9796d4262e843d6a3aabd420fdf
airport/airport_022.jpg,airport,0,1,source,a7c8f98f9d53d30f4ccb14cbc29a6d0183599c96cecbfda09321af463b343b05
airport/airport_023.jpg,airport,0,1,source,e771b546feb138112259d271d88a29ca010f1c17eaa8ec544ef790946e4aed63
airport/airport_024.jpg,airport,0,4,source,d62301ed7e23b807c7428508bd4db37d442c182860311139a40cf1c8f5f17ca8
airport/airport_025.jpg,airport,0,0,source,fedca9b2c32f7382d8214e1b12a71ef0f67d8eb12aabe0023d75a3b77ebcc644
airport/airport_026.jpg,airport,0,3,source,f1b43c03d9f018f5933311e525ec024771012fe7fa4ea992aa582d5149b9157c
airport/airport_027.jpg,airport,0,1,source,c538f7a0d813e7401a75104be63bf86ad93eb09cb9341867b0d1040624d93254
airport/airport_028.jpg,airport,0,4,source,79b6545b55b3245dacc84f80dbc94c76c9eb20873fc2daccac0e66fb4aa317ec
airport/airport_029.jpg,airport,0,4,source,89a9b515528f7a8531499d75ffd1275c47cb65660a6037135d2be0a1de33e153
airport/airport_030.jpg,airport,0,0,source,e88eb3302b2851f0f9cb3879234adea0356fa41aeb05f13bed73fdc22e8e8097
airport/airport_031.jpg,airport,0,2,source,437f6da5d2b402695b3c8fdb19eca3b46ad44cdfcd3569364e4084fc72228431
airport/airport_032.jpg,airport,0,4,source,36db50934a864217f414b22c33cb64ef788083160bd6c618ec165d59be36596a
airport/airport_033.jpg,airport,0,4,source,a6fa2c39f03ceecfbfc9ca4daccc405b9398846792e1c1cc618cc25ef6074c77
airport/airport_034.jpg,airport,0,3,source,45e1770d7929ff5043d9d2b6d12f5a520229b21ca9cf5a5bc009ff32ba207421
airport/airport_035.jpg,airport,0,3,source,fb0ba53bcf0c65783694bb0651f3f121a129d0ac3309e4f2ffdab0ef0adff1c3
airport/airport_036.jpg,airport,0,0,source,120958c04def13ee76abb7e4ad4f353bc2b6b603f5c00dea1e1c2033b285121d
airport/airport_037.jpg,airport,0,1,source,785c3dcbab92064510baa8e9b57da540b5cff7c255e584b86d34d87665df1614
airport/airport_038.jpg,airport,0,4,source,097af9f8c3f44cb6247fc07076946f6ed521eb056edc8c7454ae953d52524208
airport/airport_039.jpg,airport,0,4,source,1d9bd4a1f532f3eb420fe6c3b5356ddf68fda5077b8c6039456a7dcb33454c42
airport/airport_040.jpg,airport,0,3,source,44bff959d8e844b4021029b44835075e83f40f5ea710d9f5aa8ee1a451fda3c8
airport/airport_041.jpg,airport,0,1,source,8816e71f3f47b19bf2081454b1f4b53e92f4acdacd8a2ca52216482410f15c30
airport/airport_042.jpg,airport,0,1,source,cc0cc095118488b4c6d101619b8161fc42b82fa8d9c062500898c993860937e9
airport/airport_043.jpg,airport,0,2,source,944317aeed0cb845d5a5ff59b44143db01d511ded5529c5e64d7f287642dda8e
airport/airport_044.jpg,airport,0,3,source,03cc8bdee705152bc64a37a2e4242c29fbc664bdeeba5985f8cd5807c7c05354
airport/airport_045.jpg,airport,0,2,source,f6de9ba4e40e8863c11d1c131826d2cab8e8dd287dae47beb30cc1a414b379f5
airport/airport_046.jpg,airport,0,3,source,a6e76ef9f6e50e90b8561763be43922b04e7cbb50ab4c51971a6cc0ddc12ae78
airport/airport_047.jpg,airport,0,1,source,2ea13f5dfae0652a5ea31ebc353670075a432bcf9d98af2c34087e6f91a9997c
airport/airport_048.jpg,airport,0,4,source,51305d81f8fede0ad540cf6349bde98e438c17fb4a239515b53af84997a3925a
airport/airport_049.jpg,airport,0,4,source,2d951e1f56a77d42aca34773d3ef82f3401631a395d7e2d8511c2ee6b273bbd9
airport/airport_050.jpg,airport,0,3,source,61b6a3d9edd9c1ff6c4fbb07a5bf8e1b0812a9cad6da0907fa51583a40b97729
airport/airport_051.jpg,airport,0,2,source,3644153614151720e7d555a759ee5a8be121ed8585a055db991b5cbc94ea603a
airport/airport_052.jpg,airport,0,1,source,2192c8866db02b7d5952e53df9a229208cf934642077ac9a15950ef90937663d
airport/airport_053.jpg,airport,0,2,source,7cc2701394a9f81e3dc205e9e644a5febb7c664e69f3a6d28efdf2e1dd320ca7
airport/airport_054.jpg,airport,0,2,source,b267c6e0fb1bb60d3dee8f3461e86289b3d9c022c2b8d5d84e6fb19c7d4fefc5
airport/airport_055.jpg,airport,0,4,source,f163aad9d249f456b67dff0ff544e89930b3f1c8f675f3c8566e2fdc3018fbb9
airport/airport_056.jpg,airport,0,0,source,9f43ecaedb04db428db5d8b9c6c315d401fdb8acb82a7bb650b1dab9c84b569e
airport/airport_057.jpg,airport,0,2,source,0849f5201a7d1f051baf2bcbb4041294688cd0ede76f3ebde2cf1119414d5eff
airport/airport_058.jpg,airport,0,0,source,fa3202cd86ecf95e2de8745c2de9553686f75ea95dfda621fd660ed81db2787a
airport/airport_059.jpg,airport,0,0,source,6b855f9f7509df61fe64565d7ee1a5df4d6f51fa5c9a21895cad582596738593
airport/airport_060.jpg,airport,0,0,source,3de5388956bbfa659fb51b105194e356cd70fa2cbc75c0bd69dd32866153a548
airport/airport_061.jpg,airport,0,0,source,f137b9e86f72a12ee094a3c81809af8702bb9df6f06b2f76a28ac962cfb42e0b
airport/airport_062.jpg,airport,0,1,source,8aba290196dc5c7ebb54ca7744ee984dc92f3dffafb85737d22bfa8516d2ba00
airport/airport_063.jpg,airport,0,3,source,79581b77f7d8603a559772a9bcba3554d3fed8661be0fad9ea43373445217634
airport/airport_064.jpg,airport,0,1,source,df386f9c782d1a78e35974160313dffa1e489bdbc058adb6a8608e50a46b247a
airport/airport_065.jpg,airport,0,4,source,645773584002f6ff80e752a43a9802b31f9a558bb71c5c68f7cce5e675f4dd0f
airport/airport_066.jpg,airport,0,2,source,001632b837b3cf4af34ffdddeeab42be903c3569c3e88f43c1ea52d4ea03fe7e
airport/airport_067.jpg,airport,0,2,source,ec648b666e75a5b1bc5448fe57a61ce4b3b13d33579ee3ae0d429a09a349c1e8
airport/airport_068.jpg,airport,0,2,source,482709dffa58dd4d7394327ecf7868ea4bda3671e9ffd23f486c573db553ccfb
airport/airport_069.jpg,airport,0,2,source,bdf6c3fe328c07ccfbb151d2140a978c9317e3aaf40b9d514a75bf3bd822b838
airport/airport_070.jpg,airport,0,0,source,5a04cfe52a6ee3d190972866e764f1bc1777f2d212299f4920cfcf4871c4473b
airport/airport_071.jpg,airport,0,3,source,ebcf6867b84ad068a9a9faa11da2502c72c89fbc097ae3692a455b02ee4575fa
airport/airport_072.jpg,airport,0,1,source,bfb74e7be5bc185ee24e6e4d409b6f3947634a2c281bcf8ae455677f42847dcd
airport/airport_073.jpg,airport,0,4,source,085cc026df03c9749b85bf17634aeecaaab31c7984d8696a1ec68231230ce12b
airport/airport_074.jpg,airport,0,0,source,44c2a73b702d208e376ebe187bd8e245526e57b5ea3e498aac47ce81161baff9
airport/airport_075.jpg,airport,0,0,source,3ce3f1dee306cc88e4ae8fefa79c8238b1c5453dd19d537ad7abb1444c1ef84e
airport/airport_076.jpg,airport,0,0,source,7db8e2b0835435d3f7046b1f356be02d8b93a4b22c3a9929de244728a82b0ef3
airport/airport_077.jpg,airport,0,2,source,55b9e8988b88ab550281553d4eafdd727ccf9943b25aef643c124da58fa107bd
airport/airport_078.jpg,airport,0,0,source,7dbb88bf59e1b42817cc0df0a90a761499bd0985a3fb6b6c586d9703df588d57
airport/airport_079.jpg,airport,0,3,source,65816e3d4fb7ffee5e68541e2f9649b98e9caf4e8eaade56e9526c9a1bc56d14
airport/airport_080.jpg,airport,0,2,source,1a57cabfb7dd5a94c519f80c9bc306a7e067f0df4143ab438c2134c22fb388f0
airport/airport_081.jpg,airport,0,0,source,677447cf1b678a4ebf28fc3340303b5bd97af73d50e3774e87df131d22996c41
airport/airport_082.jpg,airport,0,3,source,7d806ceb00d21e009916cca74d069e220ccc198deaca8b1bff9c3ccf9a885849
airport/airport_083.jpg,airport,0,1,source,3514d3842a2bc6d63c9c81f5650a91b1e53b3ba87292a8d864f7499f3964b4d6
airport/airport_084.jpg,airport,0,4,source,50e23a346af9f7404c70d7d1b2cf3f331bf5b47abb434301e89ccff6fec9920d
airport/airport_085.jpg,airport,0,3,source,37085591a721d25436b744329a99ce6af9fe1b9c2423aba6044142735d4456d1
airport/airport_086.jpg,airport,0,1,source,55c6a5d8e261f82f4ed5a68e0ec559abb3f7d3e716b0b9e0691664a03e4b54ec
airport/airport_087.jpg,airport,0,0,source,e9b7c1f9426380effc039241d6adad3c9dc1d50bc309a0f98961cd66150b55c2
airport/airport_088.jpg,airport,0,1,source,f2640a3f076461ae78f545bc38387579d317990b0344c7a22d7c8734fa3c6de2
airport/airport_089.jpg,airport,0,1,source,9bc215ae2f7be459f815ffb8bdf38f341610b4141e044adba2f0d7852b7e3559
airport/airport_090.jpg,airport,0,3,source,fc0e88db69899460c8bbb678602cbce1ada2d7269f75bbe30b907a06e0fc9636
airport/airport_091.jpg,airport,0,3,source,b6fbf1284e84576a989bd15403a67e53bab01d9a9ecdcaf1becc1a4338dce9d9
airport/airport_092.jpg,airport,0,1,source,d4ea13c3c65e4b78f90cdeecaf89505426908a9d51f5e0679d25491a77ef9fe3
airport/airport_093.jpg,airport,0,4,source,941528c8276612b70b361dab5a56474ce1916385be1e20076881b74f3abfe036
airport/airport_094.jpg,airport,0,1,source,d9bae2715e698ac28de849b4926d37aa681fa7277d9c28ea55b11b47839d4cf7
airport/airport_095.jpg,airport,0,4,source,031bda81845876cc45ab81cbd1b2d5a3bcdf0f6a0ba0eaf328cef706fbb99de9
airport/airport_096.jpg,airport,0,3,source,c102cb29077de3511b233cb0ee4aa96eaddd5261543a5059637d765c2542598d
airport/airport_097.jpg,airport,0,4,source,315a5116d7cc6c8ddca11befe0ec866f070ab6c05cae036e23468d3fb9d35b05
airport/airport_098.jpg,airport,0,0,source,4058d1326cc48ca594506138a5cf37f0c3e3c45cc7124f4157a8d5d051e4ee0c
airport/airport_099.jpg,airport,0,3,source,ae723d8b3c2952d47dfc200cf51266dd17929610e8f739b313eba4a451ad68c1
airport/airport_100.jpg,airport,0,1,source,342bafff2496a5d2d7d1b40cb4951681060d905f058665388bbdf6ad6f5553a1
baseball_diamond/baseball_diamond_001.jpg,baseball_diamond,1,4,source,17ae66f142f937f8dd874c77a8c8f8e428c5bed970718db0d491d9ed25eee188
baseball_diamond/baseball_diamond_002.jpg,baseball_diamond,1,1,source,0ad4ead1175926abab4a75e01b22f177d1531f2b86e2be7600ab51c9bab44530
baseball_diamond/baseball_diamond_003.jpg,baseball_diamond,1,2,source,14b3c8abc9d451cd597e2f1ac58cc1e7a92b434d6973722d15ad4b489b386dda
baseball_diamond/baseball_diamond_004.jpg,baseball_diamond,1,3,source,b0f8e0ccb0625946cdc8bea519ef4fda52d61bbf68fdc7b8bc2e0d9b2bf56ec8
baseball_diamond/baseball_diamond_005.jpg,baseball_diamond,1,4,source,dcd352969d61e2e98d24f30b144ea691fd1ae6f2fcca08e1e217fa4833a2db64
baseball_diamond/baseball_diamond_006.jpg,baseball_diamond,1,4,source,3ea7ec3b06a514205382b8ff25ceb79c10f432f6385b7393b0b81d512b986cbf
baseball_diamond/baseball_diamond_007.jpg,baseball_diamond,1,0,source,a394f1a1f1c944833f3a1ca33e8855e4dd335b142f8b68b23714ecd6ec5501c2
baseball_diamond/baseball_diamond_008.jpg,baseball_diamond,1,0,source,2c19ace507c9d3483e540e49e4ea168cc6c10b6ef0a480efef03c14cfcc549ee
baseball_diamond/baseball_diamond_009.jpg,baseball_diamond,1,3,source,e8284f8bbf3c4e410d58c717536f6cdb79d99d6e562b83aec9642ebaf779aca7
baseball_diamond/baseball_diamond_010.jpg,baseball_diamond,1,4,source,c966269d1f33caf869a9e10c789446d930e1b22193aed94ebfdb819870efb24a
baseball_diamond/baseball_diamond_011.jpg,baseball_diamond,1,2,source,2b2f51b922887dabf68972e5c372b45ee6edefce17c0ad37b534694d0f67b1cc
baseball_diamond/baseball_diamond_012.jpg,baseball_diamond,1,0,source,623c983a18072363868ec38391155aec8bddf90297234dfdadff617bf9591bbf
baseball_diamond/baseball_diamond_013.jpg,baseball_diamond,1,1,source,27f3caa941e86de8c622a9207c2613e465b236d09f627f55814ba7f8930454ec
baseball_diamond/baseball_diamond_014.jpg,baseball_diamond,1,3,source,42557c8a9da57d035a8d603ee5548ff0ec624a407b03bfbb79fe7995754c6488
baseball_diamond/baseball_diamond_015.jpg,baseball_diamond,1,1,source,d47df842356564059e004b0ce089ce0ec258353d5304a10c9591fe633df44407
baseball_diamond/baseball_diamond_016.jpg,baseball_diamond,1,2,source,76172bb7a101004c1a129e633b0ba8c8f0d737ab6b4642f9d6878f0959abbc38
baseball_diamond/baseball_diamond_017.jpg,baseball_diamond,1,2,source,f8524e401050155b84b2e8408ecb8a34dd61b4bbe6c6659370b7a9be4c36f845
baseball_diamond/baseball_diamond_018.jpg,baseball_diamond,1,1,source,ea60a02cf9ea128ee42e148ec59f4d3fa4a507ace4b95556ff171e8ebbb240e2
baseball_diamond/baseball_diamond_019.jpg,baseball_diamond,1,3,source,3d227495ab36294b473a0de98f75773aaac0622f7d5a5f8074077726231f5e29
baseball_diamond/baseball_diamond_020.jpg,baseball_diamond,1,1,source,7687c8e228c41beb06066b7291cc9a1d8e802dd39e9f3792dc041b8524659656
baseball_diamond/baseball_diamond_021.jpg,baseball_diamond,1,3,source,32f0dc4abf8289d1869f54717c393f2b5efc8f4fae2c899447987a6dd5c80a72
baseball_diamond/baseball_diamond_022.jpg,baseball_diamond,1,4,source,f8f7b85e05ccdfe9b1c05fb032a9a14e1906c831f03c14a7ee518ed9cc7c1d40
baseball_diamond/baseball_diamond_023.jpg,baseball_diamond,1,1,source,e1254f45f2f963ecd4eaea4609116e49df079dd6f5489a16d51962d6d7237f13
baseball_diamond/baseball_diamond_024.jpg,baseball_diamond,1,0,source,ba494e1374c171da97118e97e04681a7fb488da8cae45bdb16440ea212212fd6
baseball_diamond/baseball_diamond_025.jpg,baseball_diamond,1,2,source,fab91a31679d039da68bdc9068923941873e10f639c7a380cf2ae98154929852
baseball_diamond/baseball_diamond_026.jpg,baseball_diamond,1,1,source,880f01d1218057a769c9d2f18f83500457a262c4fe78f62204f527916af8317b
baseball_diamond/baseball_diamond_027.jpg,baseball_diamond,1,4,source,82a41b9fa005777f2fad5b97198daf38826613d5d75329bba4dfc0da93bcda54
baseball_diamond/baseball_diamond_028.jpg,baseball_diamond,1,0,source,d6a6eca95f6e2184d351186d9958469cda46c7db5ba1135f0c330c90b4eac315
baseball_diamond/baseball_diamond_029.jpg,baseball_diamond,1,3,source,3a774c25b1a0954adf259ceea087cccf13fa44c3fa01b74bba7bbb978cf48fda
baseball_diamond/baseball_diamond_030.jpg,baseball_diamond,1,0,source,37cb03b53d36e563b34dea65466033ab37200878be8ec29e96030a1c2bd7d819
baseball_diamond/baseball_diamond_031.jpg,baseball_diamond,1,1,source,b172b15de4387b2758882a6f38111ee82da5e898cd006547f6c8c80c8a209b3d
baseball_diamond/baseball_diamond_032.jpg,baseball_diamond,1,4,source,35c6fa5155655767c9ee33adbe75d224e78f4dc0782f81d35e68cf4320dad484
baseball_diamond/baseball_diamond_033.jpg,baseball_diamond,1,4,source,165414f330c475f09a0de1ba7acc1a65565649ac4e7e960595cb194ecba93ab7
baseball_diamond/baseball_diamond_034.jpg,baseball_diamond,1,3,source,975aa00a0e706789728c34c20a94e430e24ce095c55a964f10c380fe98b0fbeb
baseball_diamond/baseball_diamond_035.jpg,baseball_diamond,1,3,source,954cc38a594cbf7be65317e6b20d7daa1f72052ca12665232d7f55dd7c191a77
baseball_diamond/baseball_diamond_036.jpg,baseball_diamond,1,3,source,2aa167fab09ed9c67420056950d1b2b42e491d7729c3630a80e18e2b75c2a648
baseball_diamond/baseball_diamond_037.jpg,baseball_diamond,1,0,source,56b206cd53f79b6ef6a9b9d4c60f936948719416e45031fb1c929e3e4c81fb33
baseball_diamond/baseball_diamond_038.jpg,baseball_diamond,1,0,source,ead360606bee944da17f20fbf20529fade8a6191b2392b8ef324aff73def58d2
baseball_diamond/baseball_diamond_039.jpg,baseball_diamond,1,3,source,826565f23cebfffae2e24c0dc5d2be9c28de371a32594307f8406d202ffe9848
baseball_diamond/baseball_diamond_040.jpg,baseball_diamond,1,2,source,7bd57170db040cb41b60f2d21f71c97f16c54dbcf1eeba4d363f50e01f9d9a5a
baseball_diamond/baseball_diamond_041.jpg,baseball_diamond,1,3,source,cd7a6131b8aa7cdc882aa1fc08e255bc50127edfc023fc44a6d818a684cf37e7
baseball_diamond/baseball_diamond_042.jpg,baseball_diamond,1,4,source,85036f04a426b91aeedb2f0d06663b6960bebe24a9bbd33b6c34f4d33357bb7d
baseball_diamond/baseball_diamond_043.jpg,baseball_diamond,1,2,source,e03ed00c19508c1d9fada0cd98affec6aae9d825613849546588a9471fb0f846
baseball_diamond/baseball_diamond_044.jpg,baseball_diamond,1,1,source,1d52926299c9e3925bd147e8f9532ae735e5232fcae943452cb4d85cff3801bf
baseball_diamond/baseball_diamond_045.jpg,baseball_diamond,1,1,source,0036217ff423ab9a8273fbcc8996018a1a2032ee6958281ce652c8e4347fdb1f
baseball_diamond/baseball_diamond_046.jpg,baseball_diamond,1,3,source,e4b48156e169ce7a43f56e8252c0b2abf350e025e28b49ee879a281b52b6e788
baseball_diamond/baseball_diamond_047.jpg,baseball_diamond,1,0,source,d4890edcc7e142b428f8cf987fa5093b8926b680541b89c2ae87387f51618b47
baseball_diamond/baseball_diamond_048.jpg,baseball_diamond,1,2,source,4b5b153143c2157627435ac8b67f681f318c417d6228b57b12bcbe9f3a7933f2
baseball_diamond/baseball_diamond_049.jpg,baseball_diamond,1,4,source,1302b898ce6a7a65bfb3f2fec27c803b8c38608610b756971e2bb3085c31c6ab
baseball_diamond/baseball_diamond_050.jpg,baseball_diamond,1,3,source,8b3c736666fcb634643db71bb92f022b015a59d9233b5302fd57802d71ae99ef
baseball_diamond/baseball_diamond_051.jpg,baseball_diamond,1,0,source,1f10b6eb9d662667afce3ca216487f7c4fee6a9de89d755ebac663f39baaabc4
baseball_diamond/baseball_diamond_052.jpg,baseball_diamond,1,4,source,7764598134676e73f0bb37dedc5da5715364cef623110ee7dd1f9bdefda5883c
baseball_diamond/baseball_diamond_053.jpg,baseball_diamond,1,2,source,34c4628aad525f91e8de080c710d4fce4f79d55ee9e7da86cc9426f46c62be7d
baseball_diamond/baseball_diamond_054.jpg,baseball_diamond,1,1,source,b67fd5f7284cb7552f234f029e96453fc3f06c0959ae0f74d905358fce240e2e
baseball_diamond/baseball_diamond_055.jpg,baseball_diamond,1,2,source,7aa9dcce2a0192c656e708ad5894dc4b6298044a5bd2713455d864490e9c1314
baseball_diamond/baseball_diamond_056.jpg,baseball_diamond,1,3,source,1e01750302bcf48158ad84ba5df5b26a22b84e1b21f681183a6491aeba6e4839
baseball_diamond/baseball_diamond_057.jpg,baseball_diamond,1,1,source,cabeb815ef8adb5ba393b5a1e711a62e143dea8c45895eed7be26d821505fab3
baseball_diamond/baseball_diamond_058.jpg,baseball_diamond,1,2,source,9d6bc6d551a7ba9c148aa9194fdd862c68aeb188cf8af71fc3f20b6aa7fb2d84
baseball_diamond/baseball_diamond_059.jpg,baseball_diamond,1,1,source,125308022a4db902446c2ce5109cf2d2161b0eee6cb3df994d53f640d1025b17
baseball_diamond/baseball_diamond_060.jpg,baseball_diamond,1,4,source,da15be1754b5adb24b5367e3f9d98771ddddc3d91dc07ae2fbfb0a9e37371bc9
baseball_diamond/baseball_diamond_061.jpg,baseball_diamond,1,4,source,b5941e339f2764b5e96b7638b0b7836434017eb48627252542671c3176f01c3f
baseball_diamond/baseball_diamond_062.jpg,baseball_diamond,1,4,source,0482a2d2c16561bbb348c3e84a3bedceb22c5880c6fcb1962a557a623589f0fc
baseball_diamond/baseball_diamond_063.jpg,baseball_diamond,1,1,source,2dd2de9b4cb3a0ff593af01e0bff76f6a77a171bc1fd7d43c8104881cd0a8bfc
baseball_diamond/baseball_diamond_064.jpg,baseball_diamond,1,2,source,f8204b1749ee1cc30b8ab8fcd2b5c1b0c1532cf99908e6211b63b3f2c302e874
baseball_diamond/baseball_diamond_065.jpg,baseball_diamond,1,1,source,898552f1224768249f9cd9bb0ae1b0f33ae62420bdca44d438df5d5a009c0d4d
baseball_diamond/baseball_diamond_066.jpg,baseball_diamond,1,0,source,2a475deac608c6ca77ba2fc84696332362c188b47f02c814dcb07db1cd02cb89
baseball_diamond/baseball_diamond_067.jpg,baseball_diamond,1,0,source,7ac40766dbda1c22cc7e559f48bcdec660432fad30f60dfc07134164625b17a7
baseball_diamond/baseball_diamond_068.jpg,baseball_diamond,1,4,source,9ae0895762ebe5c51f34341f8ac5dfd6a6065d7a88390ac5f27696f9534ec9a1
baseball_diamond/baseball_diamond_069.jpg,baseball_diamond,1,0,source,6bedf071f0ce3b2bac58b5c0d4484d111f81409a504553c1ddd54152103f260b
baseball_diamond/baseball_diamond_070.jpg,baseball_diamond,1,1,source,6de18a88ca1eb0c6f22b5cc2d5eb117398f26cf7281b8723fd8a58e62aaac92e
baseball_diamond/baseball_diamond_071.jpg,baseball_diamond,1,4,source,aaa3d7ee015aaadd74f36f2a4ae73a931f0cb486c2dfa97cae805e2a61179833
baseball_diamond/baseball_diamond_072.jpg,baseball_diamond,1,3,source,fb1142924a2bab3506a2a876e46bc0df4afcb2ebeb08963ad5cf05017deb2d10
baseball_diamond/baseball_diamond_073.jpg,baseball_diamond,1,4,source,ca2a7b0ade18a65f03aa1c8bad894216046a1be73231dc7f54d2ec3962427d6f
baseball_diamond/baseball_diamond_074.jpg,baseball_diamond,1,1,source,ac6500791a6edddec4f5f461380a277283d871e142a8a8684be93d102f61fb6d
baseball_diamond/baseball_diamond_075.jpg,baseball_diamond,1,3,source,cd7c034dbcb11d886653fbd35115decd89bcdc3a5eedc93ad3ec163801a53a98
baseball_diamond/baseball_diamond_076.jpg,baseball_diamond,1,2,source,3207c7b89a72a7fecbf72469571e610c7e9d7badf3fa0483b572e662e1082517
baseball_diamond/baseball_diamond_077.jpg,baseball_diamond,1,0,source,b8840fa719bf273b8336cae772066498f2e82861e0e0e3f089f8b3eee93884b7
baseball_diamond/baseball_diamond_078.jpg,baseball_diamond,1,1,source,916504304273d5edfd250fd0d124cc4edfac3d56a1b38b9a8d91f1ea8f6b49fa
baseball_diamond/baseball_diamond_079.jpg,baseball_diamond,1,2,source,a96d2e3143e42a7216ff4f526fdb90a3dbbdce96611fd9eb7697b298e38078a9
baseball_diamond/baseball_diamond_080.jpg,baseball_diamond,1,1,source,16cdd208b66709f6552d67c0eb81d51114b8be5e9b68d31edb59ec3dcb9d4a4b
baseball_diamond/baseball_diamond_081.jpg,baseball_diamond,1,4,source,7d89369a9033b5eedb4c076a8e4b1b5c1fc32ea44af6ff5d4d27dea046d4e26d
baseball_diamond/baseball_diamond_082.jpg,baseball_diamond,1,3,source,dd32e51ff2e414ef7df89af9b49f63dd762ade83e3902cc1e98e1495fc8035f1
baseball_diamond/baseball_diamond_083.jpg,baseball_diamond,1,2,source,9779817ca21a0bd42b829de866296f146e9ff177c50e566eeac6ff1b8b6c8bb1
baseball_diamond/baseball_diamond_084.jpg,baseball_diamond,1,2,source,47a06c566582b02b2011d1c33fab84c4848b3230dda6240b21c0a63c11653950
baseball_diamond/baseball_diamond_085.jpg,baseball_diamond,1,0,source,ab21e751bfea412ac9edfef625537838d15c78986a3963f15d26f93e39b9bd54
baseball_diamond/baseball_diamond_086.jpg,baseball_diamond,1,4,source,6202f7bf926284d461fc3d7729bc43682dd5e49cc13935bd1bb953086321f35d
baseball_diamond/baseball_diamond_087.jpg,baseball_diamond,1,2,source,569248f94cdcc9086d7a8b810ecb1c6b8c4d563302ce01382e50a5e0aae1c83f
baseball_diamond/baseball_diamond_088.jpg,baseball_diamond,1,2,source,e960821ad1359c02ea12ac2b103496e318ba171ff44a32baf1ec30bda9f851e4
baseball_diamond/baseball_diamond_089.jpg,baseball_diamond,1,0,source,c78763dc323f16f57a105ecb78ca3e028580558b2f565264aad56d78dae16753
baseball_diamond/baseball_diamond_090.jpg,baseball_diamond,1,3,source,24fe1ccb1b186c1ba6f9aa9e89987478f79ec14daad1e693a3f2aa0e1fd00f62
baseball_diamond/baseball_diamond_091.jpg,baseball_diamond,1,1,source,5e0690ad5410f126976e144a9630e51652ffc01b0ea4e3a77c74da2fe802d9bd
baseball_diamond/baseball_diamond_092.jpg,baseball_diamond,1,4,source,491bd0dd59def85bf1b2085e489f7c2e3034390df9461c2ff640de90ce994ed8
baseball_diamond/baseball_diamond_093.jpg,baseball_diamond,1,3,source,5094a54b6d28abe7a8585df37235c128722ea0c991ddf249688a0eddc894aa11
baseball_diamond/baseball_diamond_094.jpg,baseball_diamond,1,2,source,f2a9e860d3a7f707bbf520d08fd18ca0dd7c5f48d087c52c076931aef016ac6a
baseball_diamond/baseball_diamond_095.jpg,baseball_diamond,1,3,source,76c96ba543f18a5831bc724a1440296bc811aa626acac40c7e508a800bb0a3be
baseball_diamond/baseball_diamond_096.jpg,baseball_diamond,1,2,source,fbcd3ce911b04c82bd9c102177797eae122be7be820383b7223b7f53f2a56aea
baseball_diamond/baseball_diamond_097.jpg,baseball_diamond,1,0,source,bbc56cce6b064245f3661c3ee866dd6589d942f666a493f86ed2dcaff5fdb8fa
baseball_diamond/baseball_diamond_098.jpg,baseball_diamond,1,0,source,7a7dca74cad3e058c8492bee42731f3dfa478c04ed38c483cb9aacb00a66a0b9
baseball_diamond/baseball_diamond_099.jpg,baseball_diamond,1,0,source,d2a6968f35d69bc6f63c59212c26612bddd682fe9be663ef31d9aff4fae98c82
baseball_diamond/baseball_diamond_100.jpg,baseball_diamond,1,0,source,b45e415f606c65e04081cf6eb35a9ad019e3b8810b4c68bb9a1026353a6fc07f
beach/beach_001.jpg,beach,2,2,source,86ad742e3b8b1b12d844cdb21f3ac2b7d8259ec83e279e2d279e7d3d38f2f68d
beach/beach_002.jpg,beach,2,3,source,c9e90a138ee251708a9d535a0b283b0068942e8738e1fd3accfe82edbeeb31f1
beach/beach_003.jpg,beach,2,4,source,8abdf6dbbed40d4408e2dea9f16a5ad699cf54fe716a9bde32b94173277828fc
beach/beach_004.jpg,beach,2,2,source,920cc645e94a13779342019afa00ade9b332013f8ea4a0001ca895d7ca47c74a
beach/beach_005.jpg,beach,2,3,source,5513c91b3f620e8d4b6c037a24dedab4bdfda8dcc42776d4543b84a54600dc7c
beach/beach_006.jpg,beach,2,0,source,084512c0aa3f56e890ec2c0f40292ff8a2f25bb903979d53f6c7f37569f09a7c
beach/beach_007.jpg,beach,2,0,source,c8fdd6dfeee5b13b75be6e2ea54dc534c50ea53f661b2bd3d02bee308a430855
beach/beach_008.jpg,beach,2,3,source,3098ba6c9ed237768f944525618babfa8045040b7b7494c25f3e5f1f3af5530f
beach/beach_009.jpg,beach,2,2,source,015c36282806de1a1d43b0a9b605e8cc2278df3e580c795080efbf1db9d537be
beach/beach_010.jpg,beach,2,3,source,e08e5676251dc0d7dee656be90ee1956793aaa19ca845590ffb1eaa91550a448
beach/beach_011.jpg,beach,2,2,source,5933287c42260af1e68191f11cd382e11990673eaf21ded1b0c5443be54e185f
beach/beach_012.jpg,beach,2,0,source,24810247453c974d176834c106d0675664901c605d82d30fb3aa5013585c9dc3
beach/beach_013.jpg,beach,2,3,source,18229460c462b58581f9c84140ceeff0cf9a8e1992ca1495a1f7f439ee80cde0
beach/beach_014.jpg,beach,2,0,source,4d4423d2c2af1c52ba8f803b122d553480d345a72bc45f80a13cfb6fedcdf04b
beach/beach_015.jpg,beach,2,0,source,5c60063e8c1e96e2cbc7367d0875186c6255ed44cf0a8cc53df6ecb5cc9f20a7
beach/beach_016.jpg,beach,2,0,source,32d4309222751e909ea9fd3d339468adc484f9cb93646b2247c6a603e4577ff8
beach/beach_017.jpg,beach,2,1,source,a827bd228c2d27ca9cc69f275065e7556809321e7dd6c85ce68d694105abe14b
beach/beach_018.jpg,beach,2,4,source,6686667fe8b8950d0a23d506a4fe1b52f5c14419069299e7fdecadf7a4246687
beach/beach_019.jpg,beach,2,1,source,35b9c41c8b02313702e75714f352cebe8fce3cbf7ada096875997b2ac0aef010
beach/beach_020.jpg,beach,2,1,source,dee9eaaa413cf7fbab4a57c5104a4b0079c58c56026fb1ac0e6ec5380ee243fe
beach/beach_021.jpg,beach,2,4,source,a540eb38a04b2f84979c85e86eed452eea0dbc50739d9bfe193dafe6b7b8c697
beach/beach_022.jpg,beach,2,3,source,62f72bf14839c1d4b7e8e9ef1d950c4d575a523f84e68dd3f6a5e3623229969a
beach/beach_023.jpg,beach,2,2,source,ded99a220c5fec4e5855cdbb228ebb757f37927f5456c0faa55afdef55e905d9
beach/beach_024.jpg,beach,2,3,source,cdf00a4c358ceaa78712f276b92c6827fba4ed90b27ebe7b85ddcff4797295d5
beach/beach_025.jpg,beach,2,4,source,636e1d2a14f8d271114a0d08a52a682212c3f863a5830ca3fd9cd5c947398b5a
beach/beach_026.jpg,beach,2,4,source,525c6f59debb488b8204704443bd4658a42723a178cb488b350f3d6d777c6dcb
beach/beach_027.jpg,beach,2,1,source,c8af9f7d334caa9c7fca6d744b9c7cdb11224008db809ee6072db1139febad97
beach/beach_028.jpg,beach,2,1,source,e67e29392d251afe5586ff0f53ef9604057edef7536b53cabff2512f9215f686
beach/beach_029.jpg,beach,2,2,source,51e7f5776ba65d81469898382c3fae324f7dbe7f7631e747310882247ab653db
beach/beach_030.jpg,beach,2,1,source,21a9f6ccce5c8a8f5f6dd5ce2f59563f6cad2d7639d10df98c83b60ba8c810f9
beach/beach_031.jpg,beach,2,3,source,ec0c7ef5f6d14714160267b28e166ff04f850e8a71c3751d97efe43c7c041fe4
beach/beach_032.jpg,beach,2,0,source,f8b292dc1bf6835cd80bc854cad8cb8a1e041ec04430a02b1995c9ca50b8af87
beach/beach_033.jpg,beach,2,0,source,ef45b2a275309a814189635b700f2e8933471108d80db5b47b8ef9bb6d4b87a7
beach/beach_034.jpg,beach,2,0,source,a889d5313341662b15beef732d784f9f819907ef2e520bec4bb63b49ee0453b2
beach/beach_035.jpg,beach,2,4,source,7cbaea59c41a6c5583aedf29f836a03e7f4fb0d4f9309048e264dfe6d692ff8e
beach/beach_036.jpg,beach,2,2,source,12d2515059f63ed00eff62d7e3ad3aa936c2db3dfa11e68ce1e2c59ff656e2c4
beach/beach_037.jpg,beach,2,4,source,9e8d6a6d5aa80555964ffe08a4764ee88ef2ac1b57d978be7ab300bd3c35e3d4
beach/beach_038.jpg,beach,2,4,source,98316759f8985ca2698ae44cab8fbd75bac1fa1db3d52f2ca2815708c52f320a
beach/beach_039.jpg,beach,2,1,source,065f21e7c483d68b34b614c949ec887c00e141a65410e410928a8922c6790489
beach/beach_040.jpg,beach,2,4,source,0cf5f872e3707eea855510babd9a233a94cdfd170efda84f846db2b72198994a
beach/beach_041.jpg,beach,2,2,source,a379e777920ff4c786b44044cdd4d6ca84fc474ee5deafa5bc85f4a5632495db
beach/beach_042.jpg,beach,2,2,source,77e25756f6415dcdae8557cacff0b23625629e2d2fed5c6ef7c96009113e50e2
beach/beach_043.jpg,beach,2,1,source,d6837bc188a58161c7d73b6f7fcb2e8630096c67eb96c86c8b122dbb03d2f991
beach/beach_044.jpg,beach,2,3,source,adcc5eb8e39ecbd9f131ac74e556ae011c634ce26dc616897c15f35808fdcb58
beach/beach_045.jpg,beach,2,1,source,abb2c1c12aad11cfb5defd24329731abb303342956a3c2bceec5a1963843d36e
beach/beach_046.jpg,beach,2,2,source,71f40d1e5f6d6ab6d3420136ac9682ecf7be7658a0735af497566471a1626c91
beach/beach_047.jpg,beach,2,3,source,8110ee33731c2df5d324d3c5cf34392e2d02d09af38875494ccad898c7c9a77e
beach/beach_048.jpg,beach,2,4,source,ad7c5025c7c1112af67122de01c9a0a84782ca4f0b8d1c5dc8dd272728841a35
beach/beach_049.jpg,beach,2,4,source,51e12e26fc38e881605a23da8ea90b111221e36a8ef87b26ddf2a8cf33c3c9bb
beach/beach_050.jpg,beach,2,2,source,7c84f2f53304926aaf966cb6e1ddf2ac4443d75cd68c89ea2a5407098c252d0f
beach/beach_051.jpg,beach,2,1,source,4e670a194d29f168484d3d40c72a27a2b8f1b2d8f3a7b6e17c7ea503d435beb1
beach/beach_052.jpg,beach,2,1,source,596c55857419cedf25e1cc96dc94f09b9d08376091bccc8618401eb6b77ebc26
beach/beach_053.jpg,beach,2,1,source,ac4bf1f8c5a51d345362e7225959f1a574f7673c7bd8338f5143a984ca8294fb
beach/beach_054.jpg,beach,2,0,source,5299f54e9565b6e7bf0fa70f9a2ce3ee2c209f60b07a963527e6fc0a8ebcbf00
beach/beach_055.jpg,beach,2,3,source,40d5ca44f9721489b438323ac40f52ecbd4f23324a5bec217309c6eeb2136673
beach/beach_056.jpg,beach,2,1,source,ed730ab1fb4080ff1bd1c8370d27943bcc25559696bd89f25aabcf979efdbdf0
beach/beach_057.jpg,beach,2,0,source,3f07e1bb2cc375f976e5e6074b9064958b1be2e238d16c12dc13149819451021
beach/beach_058.jpg,beach,2,2,source,7608e31feab9aea28626b9ef059f2150081af6b91e6886002622616d03579f85
beach/beach_059.jpg,beach,2,0,source,fef49558da699011939b279158628b4bd810f6bf87baec383f1ff343083cbb04
beach/beach_060.jpg,beach,2,0,source,c3f098c9353c4cf1bf04b5ecfca6934fde02894dd9c15bbdd5e342c31915e7ab
beach/beach_061.jpg,beach,2,4,source,9b409758969aa593f07824afbee2eac13d061ff5dc4a9375448ecf754537803c
beach/beach_062.jpg,beach,2,3,source,4a3d2fbdf1887c711e6dcdb5a3307ef36890a6459b9f666766ddd01fdd35b865
beach/beach_063.jpg,beach,2,0,source,13547ba37abaeaf7650312502eb3ea2b7815c027117ed7ff6df85096039efb9f
beach/beach_064.jpg,beach,2,3,source,299b2a02d45ba5e72dc687d43cef9d6146c16e9997d35fa79879fb0475819ad0
beach/beach_065.jpg,beach,2,2,source,74040354111977e27ad13e36015ad834d32304df5a787c21835488cff621784d
beach/beach_066.jpg,beach,2,0,source,dee4753af75fdc51453a30f3e0e9442a438dda750dc394f88e5424b2ead5e3dd
beach/beach_067.jpg,beach,2,3,source,803d8b713243643c469762cc0f7eef491ab3b32a444ecdd4fef2dd2419f5351e
beach/beach_068.jpg,beach,2,4,source,05532fa270528a938c8a29b061575ed03fc908fe6504750502a6078f5cd230d3
beach/beach_069.jpg,beach,2,4,source,a84a60b5a284f2ee4baa758794fe930c294df926af78f864aded08b70a6c6cb3
beach/beach_070.jpg,beach,2,4,source,c4ca4e38d5baafed4a15d5f48f4dd43504e7e5837b6f7c36d1b39b8956b4a9cd
beach/beach_071.jpg,beach,2,3,source,43086879cf1398411c5a5a29f36a9c405e58dbf8cd4e763e798024295b34d673
beach/beach_072.jpg,beach,2,2,source,eea1cc8788fd0564e499ed12cb8bf5413c23f813334b9fc380f7ca40e1a7cbe8
beach/beach_073.jpg,beach,2,3,source,0f5439260b660017907614dab73e158728602118f553a2ece81105bab088ef1c
beach/beach_074.jpg,beach,2,0,source,89ed25e342077b278b069a7c523baba9a441ecaefb99f3807e572197474f613d
beach/beach_075.jpg,beach,2,3,source,699ebb53dc2d6d6a2cca14b04d7977a7250d517059a845f64634a8b645911f7a
beach/beach_076.jpg,beach,2,1,source,f86937193bcb136cb561250516f29ed4e0726f494a2394b88e851968c06a19f9
beach/beach_077.jpg,beach,2,3,source,c52b611df65e3d01417f5b3fd878efafeea2ee23f551127e75c3aa2d68a14a7e
beach/beach_078.jpg,beach,2,2,source,24463df498ba8dd18e9a7ba5ed58db92ff195b0f74b396c9738abb889f9f8755
beach/beach_079.jpg,beach,2,1,source,b1e65238c8d8121ba483c139c058db754b123c7f3d571e59d0e68f3d58119f4f
beach/beach_080.jpg,beach,2,4,source,5c52b419ec22edab3ee31318ecdd088a0c7168cc2678a359ea80aaee317d5f49
beach/beach_081.jpg,beach,2,4,source,bba1861110a9e1daa54e3d1695a414b386a8173475d0b80d575968a488c8510b
beach/beach_082.jpg,beach,2,1,source,70ee5d17faa6d0dab002f8ad098f7a58ccc5ca460ee67d3ad3980d1a81f35a8d
beach/beach_083.jpg,beach,2,0,source,197e12ed618082d9f03322a905854e067863d56aeff98b9e470a119b1cc9fe40
beach/beach_084.jpg,beach,2,2,source,78085ed523abf603acab785006e58532d9928218454bc053a6ce85a9f9c57264
beach/beach_085.jpg,beach,2,3,source,627184f13111ae35b73978a491d0ee33038a98872e5e6b290a7b1d70bfb6e212
beach/beach_086.jpg,beach,2,2,source,bd652ee8e0091cca28ca95f782d6e1d506cd39ac291c75ce539e3df202ac2825
beach/beach_087.jpg,beach,2,0,source,82f08d8213d7d329b8e6f663aa15980b05233402dce7dd8dd61b70cd950fb14a
beach/beach_088.jpg,beach,2,0,source,98334abb7a9c0adda21dd36aabc29276174675c803ab53d1ac7be7536d13f500
beach/beach_089.jpg,beach,2,0,source,7619d173faf0512c5fec5d946ac893a1aaf5ccbe4de32f4d63d7eb10bf0f8fdc
beach/beach_090.jpg,beach,2,4,source,762a497fc960d7509aa912b6e5a233efc05aa1c9a0840187c11ac506161ca746
beach/beach_091.jpg,beach,2,1,source,4f94b8d132195726a6b4efa7461da6c8573378efb6d9bb0e3b7b667731a12a97
beach/beach_092.jpg,beach,2,2,source,37f7b00b774af012e00dd248ea23c8f2e6407b6a1eeee57860340ca950a9cc23
beach/beach_093.jpg,beach,2,1,source,dda0bc84df197efcd071eba681806256b9fc734081e83cd49a0d7e36c9d73a55
beach/beach_094.jpg,beach,2,4,source,051ce6b4df8354b5a9adb03315d58a3ce5d3e7f9448eb328f5d4d35d61127bb9
beach/beach_095.jpg,beach,2,1,source,fa8c071ebc518d653a85005779dc1af22ebd2aa9b6631d8cbf679c057d073be0
beach/beach_096.jpg,beach,2,2,source,af826088847f97bf60c38e4b68487524ab9643780ba0ba96888283d4993afd86
beach/beach_097.jpg,beach,2,2,source,c915586c293a8167a3030dd305b35dbd760f6237dedd81ce276965b02f6fe2be
beach/beach_098.jpg,beach,2,4,source,090d3fb6ace23321245747ceb0e7d3ed592b1364e008441fc1176fe7dad51df2
beach/beach_099.jpg,beach,2,3,source,cd6dd38aa085c220ce183411324c5d43d9af775a06cee96a37b57da0af14e51e
beach/beach_100.jpg,beach,2,1,source,58721be471b187a100879eee35a3f75f775c2e366d38898e5101e9bbb57ff3a0
bridge/bridge_001.jpg,bridge,3,4,source,ba97f2af42e9520db1ee45dabeeb5f12de5705121a0cdde8341f4fef9fd7fc65
bridge/bridge_002.jpg,bridge,3,3,source,412980ed7e0d1c509f6034f96ef0e942104d60b044ca4be1d4c0bf8e379aae84
bridge/bridge_003.jpg,bridge,3,2,source,eaeda70bba1fac3446c79f5cb55fc66cc809441dd02066313ac383afe80b5067
bridge/bridge_004.jpg,bridge,3,3,source,d4649fd6814cdbf44df7a7bca22d400bc2080db7bb5da8bdca8ff037b6460b6a
bridge/bridge_005.jpg,bridge,3,4,source,c81e5bedb301a240bb981c8523bc9dfc7d62e5fd60972777182dfe5bb1025ebb
bridge/bridge_006.jpg,bridge,3,4,source,ae449e6e837fca37489c8a6fe5b7e534d67d5d7edc8c714741883242eacef58f
bridge/bridge_007.jpg,bridge,3,3,source,769954a54280f3402fb69b282293b8724879d6d83b94db55cce6a5cbe03debea
bridge/bridge_008.jpg,bridge,3,4,source,74d5d04542d3ff930b0d5e1dc76d496441980da5efb46bd0e7458a7c3b65f882
bridge/bridge_009.jpg,bridge,3,0,source,f82b6ce26901eadaca35f97c14158378b94d6abe5762c949e804edd0c9f43530
bridge/bridge_010.jpg,bridge,3,0,source,a904e765ca2110d3237f6bbd8db683cc403ceab5819273a5c21d28379df8c003
bridge/bridge_011.jpg,bridge,3,0,source,efc207b7830f8fa450ffe378241ebfae5c2eb3a4e764ff571c6f8dadbdb20b8e
bridge/bridge_012.jpg,bridge,3,1,source,e18d190f1986e85e9f325741572808c132c1cb44fdcd43b9563f30f860740fa9
bridge/bridge_013.jpg,bridge,3,0,source,390bf60d38ef8b63e6d3d0476c7a5cd47087a9bb93beb6ab60e0e1f7084264c9
bridge/bridge_014.jpg,bridge,3,0,source,46859a4878752d9951583d709dd75d23b1e3dc67901d9c1fee6279b771fa5951
bridge/bridge_015.jpg,bridge,3,2,source,fd08d7b828109cfd64acf74f138e50b70a7154c95dbbd6744a7d3b959322f4e0
bridge/bridge_016.jpg,bridge,3,0,source,c6148c7e1dbb1f8d5a42743be9c60da36974025732655a5d82f3a7b1b04f7f33
bridge/bridge_017.jpg,bridge,3,3,source,7619ee365cbf6786da80daebe680dfb6149e9d56308375c6db821758332eaa06
bridge/bridge_018.jpg,bridge,3,1,source,a7026d1616a7cee4bc6510e28291cd7afdac7fcaf93a9a622cf4df592d5f17ff
bridge/bridge_019.jpg,bridge,3,2,source,91be1b9a6aee246fa53f50933ecb192845e13299d38c967978d1f244f051fcf6
bridge/bridge_020.jpg,bridge,3,4,source,a3aa8a96e9f1b5deb069ca95f3c0135ef3ee61e65f90461e7b2734c40d3db1f6
bridge/bridge_021.jpg,bridge,3,3,source,b3e6b890a383a2e01dc7e7fcfe60e1ba8daec13f7f513a409773208225bf4d01
bridge/bridge_022.jpg,bridge,3,2,source,e84e3cb8a9cc49f49cae052a96c328daa636ae708441ae234fd886cd2df5af02
bridge/bridge_023.jpg,bridge,3,2,source,d9e1182b4bb9018320faafa97cce71e20723d7d6248231cc25f428c23c6de816
bridge/bridge_024.jpg,bridge,3,3,source,47ea83b149bf0b302ce8ecc16cd9c79d139096b0106fba8a543d1b067ece7115
bridge/bridge_025.jpg,bridge,3,1,source,8207e46d9587cb74306ee9a718442aad10e08024f145f6499fa4bfa4e680d3da
bridge/bridge_026.jpg,bridge,3,4,source,adc1cefc6dcb127334595cc13b96bab5d289de22026f98891529a38140710fb8
bridge/bridge_027.jpg,bridge,3,1,source,25d1d153cd19dd64ae0cb3eecc5c5b068a19c10364523ac49bb77a89530b1555
bridge/bridge_028.jpg,bridge,3,2,source,d2c024d41cc2f1c012cb15177c895169970a0bed3ecad915c08696f196390845
bridge/bridge_029.jpg,bridge,3,2,source,8eb94adcc94da2d08760bdbdfa389d2e619e89c31bb66e5c537a8455747eef47
bridge/bridge_030.jpg,bridge,3,0,source,6ea04fb0b4667abc1c5f071d87b06fb8a6bb0631fc98f96b29bd2584c4ba0ef8
bridge/bridge_031.jpg,bridge,3,0,source,61a7177010e12bf48da69be37bb9b39ad8c7c1bca934a5fde7d4b4bf74dd34c1
bridge/bridge_032.jpg,bridge,3,2,source,da9f170052e440ff9fbb52837553b101e7b8d924e93991b19cf96c59ca625196
bridge/bridge_033.jpg,bridge,3,3,source,e47773bfe828059e90dad9aa7ae0532fbe8d5c429348712a6f322c2793807591
bridge/bridge_034.jpg,bridge,3,3,source,b5c4614491b2af5fc180f3b250d1e2a6f7ba7f923dad95cd425b191c4f72b09a
bridge/bridge_035.jpg,bridge,3,3,source,f0ef4de2f5cbac125de42f0d6cd17903399ce0da644566e87025188fb99c2b08
bridge/bridge_036.jpg,bridge,3,3,source,9f849706608cccb845bcdd75d1c81c6ccb578ab5dcda2e06f0f19424c405230b
bridge/bridge_037.jpg,bridge,3,0,source,71a55ba6d7b23ab56c3033d3ac63deeae6aed873a3c8f4f18a5c11a9cd29af6b
bridge/bridge_038.jpg,bridge,3,0,source,b82c9987dbd63e1de6df0bbaefed950b2c724a00417738fa0f0376aff55d4aee
bridge/bridge_039.jpg,bridge,3,0,source,f07746be581e002cbb9ce409346ce24fa5f39d4f012a8bfe3791b536c32c5ee6
bridge/bridge_040.jpg,bridge,3,4,source,0e5f1d1135ad513557d2b27b0f2f4736bc19390b04932485f3e64fa749592593
bridge/bridge_041.jpg,bridge,3,3,source,7d2f66d8fad0416e75708487f8e81aacba0a5341b3e2c06c490ea8dc3bfdf9fd
bridge/bridge_042.jpg,bridge,3,4,source,98f1b53731cc021b3b52157fc329ad82903fdb78b45669f2811a348360a60805
bridge/bridge_043.jpg,bridge,3,0,source,3fe11eeaad17ca4cd54bf99f63caaa7ac50aeee55781eb6e338d6f452a0dd50f
bridge/bridge_044.jpg,bridge,3,4,source,f836b07df34a1a14309612dc2b1d97bce246a5347893caa22c5b1eefb7f891a5
bridge/bridge_045.jpg,bridge,3,2,source,3de8f5b3c5b82834bc285446ce848bc2b834415cdcb0aa94e357b0f9b848d937
bridge/bridge_046.jpg,bridge,3,4,source,6c4e14731f8e8c6c76ece3436b6830687e8d97d4bc3b99fbf5d549f8b6065cd8
bridge/bridge_047.jpg,bridge,3,0,source,d0cc776b58a88a25c76e5f8dc43ac24c45aa55125711b56bd8cd7de26fc665f6
bridge/bridge_048.jpg,bridge,3,2,source,5264294e5ce959927637899d525fa184708d4cba964702831788c7a7b2515a39
bridge/bridge_049.jpg,bridge,3,1,source,de33b35ec02dad7c0a9d9bea34d5374a3af9daf74b87955c436d96ffb0bccd77
bridge/bridge_050.jpg,bridge,3,2,source,efb0fab2a1c95230b2731f18fa8892a5fa76a2a43e4497404782e96bfbf6047a
bridge/bridge_051.jpg,bridge,3,4,source,f20388b1c6e66623123647a9d02067b550b1719267277251133bf800e0dac66e
bridge/bridge_052.jpg,bridge,3,4,source,80aa8e0fa0bc07ab498d4ecd9b534f5485dd4d83f6f8781272e990c3fff65086
bridge/bridge_053.jpg,bridge,3,4,source,d09abb4745accbf3e33c1a96e25de66f1e7ae0171c98d94b0b7ce8e0edf8f22b
bridge/bridge_054.jpg,bridge,3,1,source,e982b3b15ce1de96db64a18ab563601e736a0f2832e6ebd2e1b3af123aa0cf51
bridge/bridge_055.jpg,bridge,3,3,source,42abbe6bbc8893fc46ae25f0df9e0399a5a5beca722648891682c70987bdcba9
bridge/bridge_056.jpg,bridge,3,3,source,b0dbdcc0d756aacdcb42558267f744f5c898760794c8aa61ea46f31577821604
bridge/bridge_057.jpg,bridge,3,3,source,5dcee4d3b957397ae3ab18d81e62517c24b7971e6bab6140a8b8294cfa4ad9c2
bridge/bridge_058.jpg,bridge,3,4,source,5c6868b0f7105b3fd35940563bf720ad60b34f47f7698f5c8c0b4cebc7f84cf9
bridge/bridge_059.jpg,bridge,3,1,source,37a4943d1e851b2959a23ac83764cc0d68308ed8d495fe03abf7df4f90e5eb5c
bridge/bridge_060.jpg,bridge,3,2,source,7a82cc861bda3482feb06ee5a33dd91d40644710f999f5542a897280f617a0a4
bridge/bridge_061.jpg,bridge,3,3,source,d81ceab9930c270368f00617ea345f8c70f9b7f696fa7efcc14c45507952ec3f
bridge/bridge_062.jpg,bridge,3,4,source,9d13055103593fdc9575f3db5f4bf9dc95917c73e21ff57c990591a43e2931bc
bridge/bridge_063.jpg,bridge,3,0,source,a3f44befdf5d12ed84ee9fe6eaf2efbc071bbf85f9ebf193f992af07526ac403
bridge/bridge_064.jpg,bridge,3,1,source,0837d719c36702149554af9936052f977960ff6b6154736b7642abd84d56bec0
bridge/bridge_065.jpg,bridge,3,2,source,b8aa0173d379b20157d99062331445df35852d7abb7946f58a43c4177730b0ad
bridge/bridge_066.jpg,bridge,3,0,source,03a3fc5f329ae2c24b7b4ee6372dba4e4b3d89226ea4b323c75cdda6a0b241fb
bridge/bridge_067.jpg,bridge,3,0,source,9958ccb2375146885aafe87bcea4726354047f131620a316c9b3bc437c244ac1
bridge/bridge_068.jpg,bridge,3,1,source,1f58df2eb2511a3f4d6593b7123e3768f6cea57cba9960b9a1b9e98ea3e7a27e
bridge/bridge_069.jpg,bridge,3,2,source,bb5a114a81946915d9590afe1436a45bfe2dbb9e0edb19e51d34512f4b0a4168
bridge/bridge_070.jpg,bridge,3,1,source,0c9438ef4c9d5d183b978b2173ef525265267de6c31c8439600f0c40c1cc57b4
bridge/bridge_071.jpg,bridge,3,2,source,bc729bc2e739822565382fc5470ddd5c40843d6f0fa42d1104e14701dceab144
bridge/bridge_072.jpg,bridge,3,1,source,fd9112f8c50555f587f1bd659d05f7eb0f486232142affa785eeedfffaa4a4fd
bridge/bridge_073.jpg,bridge,3,0,source,93afeabbe42f4c1658044ffa3709724e6731d11eb093837e683f774229f04ae9
bridge/bridge_074.jpg,bridge,3,1,source,82f3ef7d6cfc3e33e3277d204e8d16a7b36c8e67827fff6b6ada404b3559d111
bridge/bridge_075.jpg,bridge,3,1,source,f02ca09ecfcee8f7ebb9cb0648f6ca40d3b94b1cd74acf978c3a087689c76a58
bridge/bridge_076.jpg,bridge,3,4,source,33d594b251d39ea52ba8a373f7aed9d530ae2704ed3827bff159cf32027fa2f6
bridge/bridge_077.jpg,bridge,3,0,source,7efab63c60d58850bf5f2dc2aadf08d87e8f766dc238da8d50a685a81ae8f097
bridge/bridge_078.jpg,bridge,3,3,source,a32edfc8ce3813ba40642ee9de5dd93465d892708dad93a821b6059da3a254dc
bridge/bridge_079.jpg,bridge,3,2,source,fdcd6af1e93d70ec81637980ec2262b51cb891822c4f35a64f1801d43a60be42
bridge/bridge_080.jpg,bridge,3,1,source,3fa3625114c7024eacd97a60f057234952c4d8808a7d2523a76f630af697c5b1
bridge/bridge_081.jpg,bridge,3,1,source,8e96d6d68415eebc5317d9499908dfa98133174088d560d3b8fea662b5d61e01
bridge/bridge_082.jpg,bridge,3,3,source,eebbf2b0b69100433c2fe07e7d22f7ce5502c791cd80d3001e96c57edab803ab
bridge/bridge_083.jpg,bridge,3,2,source,339983ef163f416cf6d3e7f3844f912764e52ebf5699f0716d02a2d13c5e8604
bridge/bridge_084.jpg,bridge,3,3,source,972bae523cd7c28eee6501eecc92dbbfa36d1bd6e8d8f92ff1d325bdeb116278
bridge/bridge_085.jpg,bridge,3,2,source,3f1f7947f5ccba8c88980e7a737f51d0ccc83bfb4ac1cbfd8d9138a4c1532fdd
bridge/bridge_086.jpg,bridge,3,1,source,703fc7ff496e72c4594c4033c851b4f2d3081646439a31b427a0ddd2f89fea5d
bridge/bridge_087.jpg,bridge,3,2,source,9dc032d43fac52ee26614dc80099f11a5901d8d70248ea2074bac02aa9477332
bridge/bridge_088.jpg,bridge,3,0,source,1a250af1b67ccd2473628111a93e1c2cab18bdde29ceaa6de60b858696b38e16
bridge/bridge_089.jpg,bridge,3,4,source,80eda87c8b4ab02b9eebe76fbb2bf007a47b42853257a5a39e90c6fa6df29e39
bridge/bridge_090.jpg,bridge,3,0,source,df358f27d68b50bc7e210e36eca18d7fb2f06de79e8b7516c84720bf5bed1786
bridge/bridge_091.jpg,bridge,3,4,source,7e053c6ef59f38dbdb66469ce80a630d530417c5bf737e32436571c107b17b31
bridge/bridge_092.jpg,bridge,3,2,source,0b2430a417b9bc357dfa3e131884d105d40bbae090074a786e1159e6cdc75968
bridge/bridge_093.jpg,bridge,3,3,source,9cc4b6f65eff84f81b14d2633ba931506034e36c3f40e868f9ca64650cce1037
bridge/bridge_094.jpg,bridge,3,1,source,6f85cbaff19d4c4df21be95e0c0270821ba23db915cdf9023dbe0c8839865d02
bridge/bridge_095.jpg,bridge,3,1,source,1798279aba9b8723e9d33b8a9d7f7a1ccbce6dae6839d620f08af21ebd89d53c
bridge/bridge_096.jpg,bridge,3,3,source,889186e31e93c4c307bd3a2f74ffe22ff15b3bb74c3f868ac6c58357912c30e1
bridge/bridge_097.jpg,bridge,3,1,source,a5cc010900002c0302852bf7faa05e779f04c1ec7959140cbd086dc17c4a9396
bridge/bridge_098.jpg,bridge,3,4,source,7512fdfd42f32afb0dc7587822ccc6021d8118295ea2c4ab232d246a5c506f86
bridge/bridge_099.jpg,bridge,3,1,source,6feccd5b04e62e77093c56b7fe653000b1433e2d869b92f66ee0656f70dcc438
bridge/bridge_100.jpg,bridge,3,4,source,10cd81e20cb55bf29cd76eaabb2902c7da046ea36d2e7af41975fba08f994346
church/church_001.jpg,church,4,1,source,c4fb7580105c57b831e5402d9965ee12b84ed9056d16cbd0f69f1758ba3bafba
church/church_002.jpg,church,4,2,source,91a64d3f4ad02765f87bb4fee0801257bcf28bac3072283a18f55fc3f01b2eef
church/church_003.jpg,church,4,1,source,6da48ab75d810da85c53d5195fcaf53910a4cd92e33e779caed7c4f48e60c4fa
church/church_004.jpg,church,4,3,source,95947ee3465fc78ecf436b7a740cff052053c89e14deda6abbb23dbb7d2d0ebd
church/church_005.jpg,church,4,3,source,0abf372b2e66e465df491d846415ef30e33c7bf4a73ab6afc344f8bc42178f46
church/church_006.jpg,church,4,3,source,9af184344cd9c36c750aa7c3eb00d6897c61a125fdada38a26a46d7d5b142012
church/church_007.jpg,church,4,4,source,a2f5396dbffba8588158dcca2ebd7106319dbacd3ca62961416d8d46d495cb6f
church/church_008.jpg,church,4,4,source,1bbc93bd6d097738a5e4190002c1e75f5552246b4afe0a978d006faabedc87c7
church/church_009.jpg,church,4,3,source,72957591a8fa4ca5d4a88b6014a920a38f72095a1f20f6cac6d3f72ae07651e2
church/church_010.jpg,church,4,2,source,8cb18c077bdd8801025d72188ce7a6a196d823f00b5117934a48dc53eeda900d
church/church_011.jpg,church,4,2,source,96fe60974b0594a316f2ef7612b31ed8b04f174fa7d7e6f3110ba12b9eeed207
church/church_012.jpg,church,4,4,source,93b4f2471b497fd135f9465dccdd70eaafa27da32717e8dc3a4305994c43d0f0
church/church_013.jpg,church,4,1,source,b899210b8b454e2e206743fa1b69abb1c30b5cd8e27f7ee1d3873574e829bd4d
church/church_014.jpg,church,4,4,source,6207488e5ab314303cd06a10ec655f2fceecbbc0ac704408b7a9e64094d5d266
church/church_015.jpg,church,4,4,source,b0e22ea16a4be144ba53b37626f50fc4521e0cbd498bd68c8a0928a2052a445d
church/church_016.jpg,church,4,1,source,bc1c140b218610ddd0090b378426f8bbd3af7adcbe1409808f71c4211fef50ff
church/church_017.jpg,church,4,0,source,d3b3f32442002db0ad2eb53d75d216987af339c684622c4ce7f73448e8fddb78
church/church_018.jpg,church,4,3,source,5318e94eb3ec0bcdd0482472bb8a9f5754bc85c2c194d99988ff3f01d4054cfd
church/church_019.jpg,church,4,1,source,38d601ad80b709e19fc7f5e3d2870ebf9c37d97d6e7cfd3506995518e9f0d385
church/church_020.jpg,church,4,4,source,46e7c5cf078ba9b957014643da6c97a39c4abb99b5734cd62efb28ff4f659ca2
church/church_021.jpg,church,4,4,source,5eeb5e030eebe633f2ca3a4db22f7b160650bb4c9dc9c9ca4999eab74a0cb976
church/church_022.jpg,church,4,1,source,3c431c3f378a4741d43ffca0bf7fc0e50ca723f58aabb9cf8220f29eb8b11018
church/church_023.jpg,church,4,3,source,e7457cee364274a70f7cdad08e35ce9b98ec1423db71f4061a879b8154b6a3b7
church/church_024.jpg,church,4,0,source,70921dd2867529af5ba46c6bf01b4a09a5f5f428f19d562ea59e3b22f9bee8b1
church/church_025.jpg,church,4,2,source,a8f7b559a0fac6446da34263cceaa5a84fc40f3cbfba1c4ac1d34159da9d2adc
church/church_026.jpg,church,4,0,source,e90b687e3b3d8405c1ccf0a652f99f14ed3304cd3c8edc4cf61f2d77f3e9a101
church/church_027.jpg,church,4,3,source,f8f9b6603ea624c7caf9b2fb23ffccbf7e013dbf4fd289b52073d10396395986
church/church_028.jpg,church,4,0,source,e9f8087a288b6252352da763329596cb7dc77b98db7a1b5005ca473045a59d66
church/church_029.jpg,church,4,3,source,505ce2d45cff6810d04977ae16c9a302d2d6b3588a0dc7fc51a2356f6dbf439c
church/church_030.jpg,church,4,3,source,940c12da88d57f9c3787f56d4ab7a6b1fd1014596a1584105c0615f6694b891c
church/church_031.jpg,church,4,4,source,1c22ad600ccaf0cb6e00bd52578df35cb8cd117feea0158059f6827e0603aacc
church/church_032.jpg,church,4,3,source,8bba188a91af5fc46b68299a5d4e782f659b099559b766b21815f479ced66f09
church/church_033.jpg,church,4,1,source,4d72b889ee1f7463fe871f516ec7ae429511c0186f9fd603c7e81e2d6b14732b
church/church_034.jpg,church,4,1,source,e65c4b36b18610614adcbdee6ec2d9d2d7e0ff415b74de84b9e1715b8f13413b
church/church_035.jpg,church,4,0,source,7d543b0413155540c97bd97aa45a0a355c6d2a5c184d3617898802d5882ba5e2
church/church_036.jpg,church,4,4,source,80506a59eedf90dc1783033e88101be99b875331f8ed9c4804ce6c469060b4bc
church/church_037.jpg,church,4,4,source,025e6a98afee66ceca5f89495abd4ae25fc1eca4be6287167ba71aae568f7dce
church/church_038.jpg,church,4,2,source,72a27fc5c62a64bdf7e26ed143f58163e1e289e8c224dcf68258c81cff006ab5
church/church_039.jpg,church,4,1,source,e5296ca89d111340877ab6a822beda18ff34e9a490208b40d527e6c5b21bab7b
church/church_040.jpg,church,4,0,source,ec320529004a765c2a3b79a0139b19ba7fb014043bfa6825531317ba4d377750
church/church_041.jpg,church,4,4,source,1197061d0520dc684bf1459b95f378d176b7eab24c46acce6e342150f9418719
church/church_042.jpg,church,4,0,source,1bfefc163b409b12a989f15d08b0b5c5ca49841e00d69fa24f5bb9c71bcfebf3
church/church_043.jpg,church,4,2,source,b1775f919428267b9ffff57543d1c81c05f63f8544b866b1b08caf92f9373c33
church/church_044.jpg,church,4,4,source,ade1993666a9ced85ca5d4e89cfb937680de540ba0c10cdd46e437ece7eab57b
church/church_045.jpg,church,4,4,source,d8e6b4807bb3abc80b369b13c88d104c0eebce62b597b342d22a89715335f1c5
church/church_046.jpg,church,4,1,source,03f98389a15c180990a140cbe3251d1e20c6affeab4ad4a11d415e02011d5ee4
church/church_047.jpg,church,4,0,source,a33e8507f2184fd1ff2f0d3d6e008538d44ba8a15ca89dd2135801a834fb7ddb
church/church_048.jpg,church,4,0,source,820cf9bbeba983bf8c60bf54b28895dde5517ee18b88007ae5e5a6a2426541a1
church/church_049.jpg,church,4,2,source,a1eb59cb45139c3864a6c32c184ae712046782a04d5e8ca70c5d4396f430c68b
church/church_050.jpg,church,4,1,source,66ce5f1cb1186f28169fe0dbd95277c0b4ce286c432d9c34222e989a8c2374f1
church/church_051.jpg,church,4,2,source,bbd746f496ec2d2c7128bb2ae19869dec3ba2476da274e3a0ad7a46d6582acb6
church/church_052.jpg,church,4,3,source,fdd19ecb321d8ddabc71645835478217a11e0a1e3449a2d433cc146130c32b16
church/church_053.jpg,church,4,2,source,09154d4c61a23ee8ece9193e71dcc2f3c5e42051f988642ad00d6c48f928cce3
church/church_054.jpg,church,4,1,source,e41d467046c3b8097651d26ac26630dddb89af8c7ba6be827be6baa83244c449
church/church_055.jpg,church,4,2,source,7577953a25104345af10ffaa5c84356376c603b6914d3e590ba77710cc7995a8
church/church_056.jpg,church,4,2,source,a14ecc4074f6f401041451a18d7c6d509c5b269d1d832a04d0786d96cfc9d9cc
church/church_057.jpg,church,4,1,source,6ad95ee738efea1d5cd777eb7a89da1b2fb2d9d70b9589a09d0dee769e8500d4
church/church_058.jpg,church,4,1,source,c7ea374b0e857a1942346a22fd85ef2e70cd04a0459e9db75211367c87b837f4
church/church_059.jpg,church,4,0,source,dfd018fdb3c526913e209eaf05db812d66c1f288c5161ab5c8e48b9587e19de7
church/church_060.jpg,church,4,2,source,cbb7a3fa93f3e57527bb7696f723183cdcb9c1d955d482d62775de93c5ce63c4
church/church_061.jpg,church,4,3,source,dfb69045d8a640eac6ad6b489e2ed00dc5d03a8cef138ed20c3f0bee09807e24
church/church_062.jpg,church,4,1,source,432dbe4cc03840e4c453630f939f758c114079abaa539aebfcc3dd9efa12a214
church/church_063.jpg,church,4,4,source,1b99addb9438922cd67110f7e4ac78f16a5cc4a0be4ecef7f8b05ef68ad9aa3a
church/church_064.jpg,church,4,0,source,07b0863f79c2f8f8e77d408c6a14f8676d88ce125085a9446c1e030980a05679
church/church_065.jpg,church,4,3,source,adaf77de8492b22422d4e27dad02bb1dd7ea79123a9e1ab58da9dae3b391386a
church/church_066.jpg,church,4,0,source,5181c0d0537b1a3f70d222075a33c308f8488260e617f99e224abc1ec3f54a04
church/church_067.jpg,church,4,3,source,c5afad2f92f7187370f54bf63e802b15a591708506743db39d39bdf31081c572
church/church_068.jpg,church,4,2,source,74fdceeea68349fc3b7024eda28f53f360d60a5e1b2f50355da8f4f38a2aed7f
church/church_069.jpg,church,4,0,source,7b07e1c91801f1a866c6aa2dc56d863e271905b473d0ec203cff3b750911d3fb
church/church_070.jpg,church,4,4,source,7af175d2fe03438a96372bbaa8a503a1b1aa33d21db6448d9835ba07429fba83
church/church_071.jpg,church,4,0,source,9aa9d05aa8251ff18f881ef894bd83ddf67a10a2126051383112ee7ec31562c3
church/church_072.jpg,church,4,4,source,33ed96bc3fb441ab9a20678d586d834f5f7ee5281d2b1e643d724ce3efd570a2
church/church_073.jpg,church,4,1,source,0919d6b0328d3d4e30a384e552d2bd5d2f8ee4092b414d67ed846b4b18b73c61
church/church_074.jpg,church,4,0,source,67519e2938162671809663a08c9b59bfc661e43a990743061212c9dd7f7cf4e2
church/church_075.jpg,church,4,2,source,9bc059da4b5b3f7514b5784301ad0b6242e5399e8f019bb18d2ef0a5b955445e
church/church_076.jpg,church,4,2,source,d31acc07bb7d7c03f21e3c4843e6af4878f1909db5d2586313748714741f4c17
church/church_077.jpg,church,4,0,source,c8f8b808ef1fa257a10e929da5b16e1c64f57950025be913e70861ed41d6b429
church/church_078.jpg,church,4,1,source,64f095edf32189bcd209ae6c2c67f4014ab4164c0c6f204850de5b680b5295f4
church/church_079.jpg,church,4,4,source,6779988a467a9ca062602e399fb829ae8a6d7638f727e49074ebf36ba623d545
church/church_080.jpg,church,4,2,source,3148a5a184d513cda34d3c2562c9099eaa3f6b82030592014f4d1636603219fc
church/church_081.jpg,church,4,4,source,30c6543506933eb70ead0716a7361a6539d897229302b704e808042708d6423e
church/church_082.jpg,church,4,2,source,368245055ad78685f404db5f9462c8172393924720c16928d607a435630ae83a
church/church_083.jpg,church,4,0,source,a310dab46eb994abf22d6729b9a0590013597a1b19c50880e2607fde804ba436
church/church_084.jpg,church,4,1,source,8c0b5046844e1c861b2f703f72ede32b3b9bc9277786975f0a7f89dd747071bb
church/church_085.jpg,church,4,4,source,9af54cee7188ffea062f7894bf5367ae797aebbeb9363fc57a687f892a5cf401
church/church_086.jpg,church,4,3,source,f83795c9f0b8f46728ebe2115a47294698c055d955528fa9279e4ca4b4a10f60
church/church_087.jpg,church,4,1,source,508d644c78819450dc4f6a33d0fa2faa3e41e57c2475f59d02e440035310362e
church/church_088.jpg,church,4,3,source,2ec2f528963bcc0a5e1dca794ec2b6b0cdc21fd6962fa1a0eea44d891071c38b
church/church_089.jpg,church,4,3,source,dbd52d41acc49de6d006b5e09d1e267896233da22096dfca791eda4525f7f6a6
church/church_090.jpg,church,4,0,source,8623aef55c2c6826bbefb86a7152b3fe795ab6e89a903715f379d3204168707a
church/church_091.jpg,church,4,0,source,18efea4e7d56fcdb5049487c7180e7b5d009bf64a18d0a3db76a3bfb9d77af8c
church/church_092.jpg,church,4,3,source,0d811fafa7f5bd1cd3ece6b2bce9ee7c4c402dddc47d188b04d140d0e79e3f58
church/church_093.jpg,church,4,1,source,aaa1d9050eccb1e4b7297719ad71a4a64a2fd99a0aa8e042e375ad9cd7d76d59
church/church_094.jpg,church,4,3,source,350a39d435e11617ce7f82a82f07876828d7dc4f7a17636d74d356f5ce6e412a
church/church_095.jpg,church,4,0,source,57834c4114b130e67fb6f1fdf4c9bd2cb7f9f0d8bcd56f102e76a4a3bd9abffe
church/church_096.jpg,church,4,2,source,c66ead9dead302f57d05910883de1304953c9b02d15e375afc0207befa8a88eb
church/church_097.jpg,church,4,4,source,d39e61cc125586e9b5b000ee5f7a5fd21b3d879c6499860031670f560f0d84d8
church/church_098.jpg,church,4,2,source,9032012a2987ab1676bd16988ee106adc25fb76489222a6224164d332a5ee202
church/church_099.jpg,church,4,3,source,9fb294099a44fd484bf3680b60bbc22eb9bb843b4aeca02b22b2327514e0f184
church/church_100.jpg,church,4,2,source,737c1175e2e9e4742b205c578f9544c1c8c139ff43435fb3df67290329842bc6
commercial_area/commercial_area_001.jpg,commercial_area,5,2,source,06406582b301ff8b5ffee84a50321b58c370776a45597b71ea6a8f5de783e581
commercial_area/commercial_area_002.jpg,commercial_area,5,4,source,b3ee39edbc0b0a7a6d1ebb1b94957a15ed5f574fb04723a7a95863311d5dd251
commercial_area/commercial_area_003.jpg,commercial_area,5,0,source,133e623fb82857f596f2f0de1ef9a9d566e3c47ca48cdaea44bdd3e2db7ec447
commercial_area/commercial_area_004.jpg,commercial_area,5,4,source,b198dc2b9c9c6e6a45f1dcb60f9829fcc21ddb1f9eaaf080d52729d3a31f9612
commercial_area/commercial_area_005.jpg,commercial_area,5,4,source,9c1d8fb5248d51b140794069750766040d4ef0d7e18887c1cdb305125ccc31f2
commercial_area/commercial_area_006.jpg,commercial_area,5,2,source,74211254979dc866eae671cee4bdb3ba553cd78d0e248a2982434a1aba50f429
commercial_area/commercial_area_007.jpg,commercial_area,5,4,source,f186c714eac4ad226c8232dd6b77c8d835173c54cc6ee5fc2d4b0c945acaf66f
commercial_area/commercial_area_008.jpg,commercial_area,5,1,source,0b9d77ebdcb4d2dfc230daa45add50e9bbad6ef3a6ba4f3409570641b1b90b9a
commercial_area/commercial_area_009.jpg,commercial_area,5,3,source,fe0c10f7b1adb5b5c7b02b193c49cefc2aaa2f25296d456332f0f4fca6ba8ebf
commercial_area/commercial_area_010.jpg,commercial_area,5,0,source,fff21819e239dff69348e6adc712d864700ddd8764a07b56dce10bc8b481ccd2
commercial_area/commercial_area_011.jpg,commercial_area,5,2,source,c6841c87855aa16c0f5b08eabc9e848409fb52ad307bf5d32918e6166fae6d62
commercial_area/commercial_area_012.jpg,commercial_area,5,1,source,0892fa52285c97611cd2209bdd346429902ff3adacbc2fe91226ca754771b51a
commercial_area/commercial_area_013.jpg,commercial_area,5,4,source,0d7a2a0bc987d75fd7d1cac8865f0637bc178aa939f76aa61543ac18bd16eef8
commercial_area/commercial_area_014.jpg,commercial_area,5,0,source,b537881400d1828d96ab362c19ecfc3f975244efdbe8fd22b0b88e193d8aec8b
commercial_area/commercial_area_015.jpg,commercial_area,5,0,source,c68a203262150b8e0ab6bb1f6f9ff75c76503b7104cecd08310c2fa108d0bf41
commercial_area/commercial_area_016.jpg,commercial_area,5,3,source,8b207264734b50f04b3758c199040f295b3d42ff6c0c7912d7fdb3f93fd945f9
commercial_area/commercial_area_017.jpg,commercial_area,5,3,source,61e29f71075a9f15420d9a10d10f7f9bc7e5a126e5ddd630e3d4b9d6fc968bf2
commercial_area/commercial_area_018.jpg,commercial_area,5,0,source,69ca75b3c65d3e99f03bfa51c66d2de1e00acca28341a7d78b5b1d07a9fd1f85
commercial_area/commercial_area_019.jpg,commercial_area,5,4,source,45d67d163b5d6a25c41b397f047216275252bcaf6ab13d4d804984d12196d7ed
commercial_area/commercial_area_020.jpg,commercial_area,5,2,source,4adcb8cd01a6880864bc6a4e8cf2c752a3956f1846a7f7f558ca4a10b888dfd2
commercial_area/commercial_area_021.jpg,commercial_area,5,4,source,acd3c4068a5f16ec38ad48c524bd1daf102778e0462eee503801974f1a15c3c9
commercial_area/commercial_area_022.jpg,commercial_area,5,1,source,8c1fa4647c9dca8946f2f15876e9c88880bccc6bc494e84b1003660eaf937915
commercial_area/commercial_area_023.jpg,commercial_area,5,4,source,f02d0769a4964b645da55c8961edb6e5f36cf79886094edf8ef88b7013869c52
commercial_area/commercial_area_024.jpg,commercial_area,5,1,source,ec164ab4f9bd7b59a78212e57392daf7460550e3655a254aba1923695dc6c6d2
commercial_area/commercial_area_025.jpg,commercial_area,5,0,source,149f8fbac8bb3f02782b41f5244939b60d218d4be794d4f22c6c4967f386c63f
commercial_area/commercial_area_026.jpg,commercial_area,5,3,source,3613d5681ddc5e655ad8557154c4350505e73438b8c65e29fd5e7336cd3dd116
commercial_area/commercial_area_027.jpg,commercial_area,5,0,source,edd23f5e95387cf0ccd320772c413fea7a6228e544e50943b6efd31b5da3da85
commercial_area/commercial_area_028.jpg,commercial_area,5,1,source,b0e6ad0b6a606b40d774621de1130d37d7d3fae8f6c6e7e20ba6e6c54ea01aa4
commercial_area/commercial_area_029.jpg,commercial_area,5,2,source,89a55b8f2801b92c1f4b228b69738ed030a73a50ea879ee923d560c2f7e80620
commercial_area/commercial_area_030.jpg,commercial_area,5,3,source,684e446b0da4b01c55b21240e5b1254775a644ed77b497ac0658eeed3231108b
commercial_area/commercial_area_031.jpg,commercial_area,5,2,source,7d13eda9de157bc03d87ae5bcdd0d18bb455dc184691d4a28603a9e3f98584d7
commercial_area/commercial_area_032.jpg,commercial_area,5,4,source,8a70fdbf8cf73b6670b81c5b9f2446cb526aa604bf288d2570e96298d1185b8c
commercial_area/commercial_area_033.jpg,commercial_area,5,2,source,7140ff7bc7d2fd34f1758013befab4d27b34fca99971320e0c421b727d5eada5
commercial_area/commercial_area_034.jpg,commercial_area,5,2,source,418739c42c977abc59d4b5fbb705e4acf5630df7cfdd500f81e61274f7fb69d2
commercial_area/commercial_area_035.jpg,commercial_area,5,3,source,e61708c2111c493a86241c4d2411b19109dc2f58bbd8bdcfb83c176ca6d716bd
commercial_area/commercial_area_036.jpg,commercial_area,5,1,source,435e3c22cad4d8b6e7f728720f22181554dc1cc7c720a5a4aeb219cda26d76d1
commercial_area/commercial_area_037.jpg,commercial_area,5,4,source,08f1001afc7cf4aadd24d6760261c121161d4e8460598260cb47b4f3422130e6
commercial_area/commercial_area_038.jpg,commercial_area,5,0,source,a5acd0f445858da29be38129e6e92d1238bef266c5af40d517b9df0703fe508e
commercial_area/commercial_area_039.jpg,commercial_area,5,4,source,1ad789e6e155a4ae501421e0b1aa8240d54407ac3fb2d2b656b48c656f0fd4b0
commercial_area/commercial_area_040.jpg,commercial_area,5,2,source,4dc7a64e215c46138ea20ff69c7d865a7585d2374d77d2daf54cdfbdfa727002
commercial_area/commercial_area_041.jpg,commercial_area,5,3,source,74ae10903abbde4f1fb16862ab0fc97de4cac7d1648232ce85f751fb9aa7be45
commercial_area/commercial_area_042.jpg,commercial_area,5,4,source,aa94d0bdf52bcf8db7defb376234c319ed2f97e5a76230f1c0bf34dde344a512
commercial_area/commercial_area_043.jpg,commercial_area,5,3,source,c965bcb62d153e37139e61a8da320f0b5c90ed3f1d27969feeb77e5c1245bda8
commercial_area/commercial_area_044.jpg,commercial_area,5,1,source,0b38249b7c6077383e1b972733213cb007e14690e680c1ad7d3cc254ad54222c
commercial_area/commercial_area_045.jpg,commercial_area,5,0,source,001edf209129cce00607c80651b30003c634599accd404d0c022309d35680c0d
commercial_area/commercial_area_046.jpg,commercial_area,5,1,source,a5ec8ae028d1cd6b991a5849b757e7be2f89aa2379aa8106bfed5e11f9075c8b
commercial_area/commercial_area_047.jpg,commercial_area,5,0,source,f11a853b763b37be24ce78b749455dd1173e19266b391d6af559a2fd61e6ea64
commercial_area/commercial_area_048.jpg,commercial_area,5,4,source,a9bcf4e46d6c3a2ead29ad1faa3e2233759ad34038f715b99265f6db01f1c228
commercial_area/commercial_area_049.jpg,commercial_area,5,0,source,1dd45368d9fa2769f5f6ca9def034da35363112bf39dfadbc1deb5c76df5c5d9
commercial_area/commercial_area_050.jpg,commercial_area,5,1,source,7c698b1a6cc9dc95e3eb66a7fb405212d58bf038cc709f7667a8a6c96ef6ed7b
commercial_area/commercial_area_051.jpg,commercial_area,5,3,source,1704d5f4deef74ba0bff72cb1870281fc73b395260cfa21f189f32b80a600892
commercial_area/commercial_area_052.jpg,commercial_area,5,0,source,6e65911b2f5f66bb11049b89397a8b60d867dcf65f54884238396b95e31104c4
commercial_area/commercial_area_053.jpg,commercial_area,5,1,source,c11bfdc7763f6caddbaf5841b6891d16c48c94e9aad185bc15794451ce856bd4
commercial_area/commercial_area_054.jpg,commercial_area,5,3,source,1714eb869c38143e7d91b3f8d5bc6f6f89c5b32d7009c482b5683a697b362527
commercial_area/commercial_area_055.jpg,commercial_area,5,4,source,88510cc208b8ffb2a2cfc47f721a8630dcd6491640ccb72ce280502670135c63
commercial_area/commercial_area_056.jpg,commercial_area,5,2,source,a83435ec4388438b57793f409a73896d162a84866ad724f5ab2d284f5230e714
commercial_area/commercial_area_057.jpg,commercial_area,5,4,source,460e5f4d2474e6be074d207a73a835a13141a7a05cea12f64ac208eb136d2828
commercial_area/commercial_area_058.jpg,commercial_area,5,1,source,9f47c3eb94eef086d462190693f9754d12d2db1cca1e50d9bc035744fa51f0c7
commercial_area/commercial_area_059.jpg,commercial_area,5,0,source,47da365bb1f81ee5dbe49bdb92708f6bb05b5f0c9b54da5a2a0a838666d9986e
commercial_area/commercial_area_060.jpg,commercial_area,5,1,source,3fda1d50e0eceda9ab032ece5cabbe3ea0883a4f12df940ca66cf4140f9f345d
commercial_area/commercial_area_061.jpg,commercial_area,5,0,source,d96c5cfc064e8fc18d256c28c1d43dc8f5d6f35cb4ef5adadac73773f4da18ca
commercial_area/commercial_area_062.jpg,commercial_area,5,4,source,f79163f4f7ed48231e0fc50e0c195a68af2fd66062d635322185a2cf87703c23
commercial_area/commercial_area_063.jpg,commercial_area,5,0,source,ba8b2abcf106bda2cdd8dc0f10bd3eafa176421258df0c64c167eba4ae9dccf0
commercial_area/commercial_area_064.jpg,commercial_area,5,3,source,67f98ee27ed573b940b9950e73d97b24f1e64b4e0bf3ddb6c0aad46805f4bf98
commercial_area/commercial_area_065.jpg,commercial_area,5,2,source,80bf9eb0e6729b54e91b87b57fb6f4a7971bb91b0caadaa615686e5c215b0fd8
commercial_area/commercial_area_066.jpg,commercial_area,5,0,source,0d5204dd1d3863f8f7c42be5be60fb6ef8122a4ba680c0be2006c4feea50cc85
commercial_area/commercial_area_067.jpg,commercial_area,5,2,source,4b491c73bf2d37331aae1bea7876a4d18e6074ee49c985c1133ba5cfe03beb68
commercial_area/commercial_area_068.jpg,commercial_area,5,2,source,a78138954ba6ddd15235c1c740cf3e0fed6ffaecb8747bd4c02aef846794d55c
commercial_area/commercial_area_069.jpg,commercial_area,5,1,source,682ff86f35a11cb851709ba448ab115fbefcece8d44b671214155b8921198eb7
commercial_area/commercial_area_070.jpg,commercial_area,5,3,source,3f7254fd646d265a174b32d541c56300f9539eddb559039ea3b1e174998f5dc0
commercial_area/commercial_area_071.jpg,commercial_area,5,1,source,f733bf0a4cc8a70f096d3a40f139e62407b88bebfb144a829f13e5d0855d9048
commercial_area/commercial_area_072.jpg,commercial_area,5,3,source,0d51b6641f6c36ee60094752f99750368b058b7d9722ee821d9c8d62d1a0bc0c
commercial_area/commercial_area_073.jpg,commercial_area,5,3,source,6da4759f73d408732f808fbc1c49350ce3c78dba368c8663ad1d9528e9c30427
commercial_area/commercial_area_074.jpg,commercial_area,5,1,source,3dc66534d4c0ad16b9c8e39201f5493f2c17c630c7ee1132872799cec4afbecc
commercial_area/commercial_area_075.jpg,commercial_area,5,0,source,32094876c4de55c3483871e39f82fbb9946e3392fb56155914a734196764aa50
commercial_area/commercial_area_076.jpg,commercial_area,5,2,source,b48f1a918b80a74b7ac642511fdcdfaf6e7e7af35f7e8121b638c59d9ad3ec3f
commercial_area/commercial_area_077.jpg,commercial_area,5,2,source,cf0826f6599078b404492ca201c0430da599f2eb6bdcfd562958348bfb2ce2d7
commercial_area/commercial_area_078.jpg,commercial_area,5,1,source,102b1e341592532ff5389aaaeab2e438ee51dc35f62bb9462e2bdd0a22c748f2
commercial_area/commercial_area_079.jpg,commercial_area,5,2,source,5f656bccb7789d7fb182b673ed8c8437f7023b09217c9ec089804bdb009aee31
commercial_area/commercial_area_080.jpg,commercial_area,5,0,source,481b3004a3b0bf130924c0ea891057d64c73fa7bc1fad3c4cfb3dc422b1e1ebf
commercial_area/commercial_area_081.jpg,commercial_area,5,3,source,a133955b8fb2828a6bf6c96b3c6b6ea1e6b866a727424952cc40f7492259c672
commercial_area/commercial_area_082.jpg,commercial_area,5,0,source,f14f76950c464406e6f96282dc64a9bc747e1d60fe11466eee844aa348632493
commercial_area/commercial_area_083.jpg,commercial_area,5,2,source,6721ee3677237dc2b3102bdc77a22a4116ca7aa028a57b7d31de61c17753fa5e
commercial_area/commercial_area_084.jpg,commercial_area,5,2,source,8e470a92fe7769f9ecc04819d0496877648327362e1740722bea42043bcb243e
commercial_area/commercial_area_085.jpg,commercial_area,5,1,source,d430db6633eb0f7b4ff12eea9c87f558d92f64c85d53b613e2b04b3688733a9c
commercial_area/commercial_area_086.jpg,commercial_area,5,0,source,0f35e28e097f65b5dca4f450aa2b0bdf15616fc3e966eaab7e483f8048368138
commercial_area/commercial_area_087.jpg,commercial_area,5,3,source,067f98664f0babb7c46821a24af1136bec088a86100183024fcfc86aa5c77624
commercial_area/commercial_area_088.jpg,commercial_area,5,1,source,a0374e629902cef1a4709d6d66fdc0ade33190858e13c2277cddebcfe8df157b
commercial_area/commercial_area_089.jpg,commercial_area,5,1,source,057973183608ee5ae2a60a6813f132190aed74f10516c963887b63aa3571c227
commercial_area/commercial_area_090.jpg,commercial_area,5,4,source,7eff2c3d8132da3128775bf0d94b2598bf25d30b4b123913b3b2fa42382bafce
commercial_area/commercial_area_091.jpg,commercial_area,5,4,source,757b18d2134b77953fdf244cf764a51091a6662d82ee1204f922f85dfe36258a
commercial_area/commercial_area_092.jpg,commercial_area,5,2,source,7e7684db5bb0def09eec58067101d3b200ad46b84afde0ea6999a3b0657dcf33
commercial_area/commercial_area_093.jpg,commercial_area,5,3,source,5c1a6f61ba9ed0d38df403669341430aeec36ab4ff0b23e3189c08f36922e62c
commercial_area/commercial_area_094.jpg,commercial_area,5,3,source,6f22b80355f450f828c749b87a59461a3b2828e4fee1508d181a05c0de846a88
commercial_area/commercial_area_095.jpg,commercial_area,5,1,source,e300d0cb454ce61f46ba2a06c40dfe136aa3924096dc082db3bb1f3e247fb157
commercial_area/commercial_area_096.jpg,commercial_area,5,4,source,6c67d2238cdace23de1aa73dcfe48203198edfddafa91aba914d24dbd28c8f2a
commercial_area/commercial_area_097.jpg,commercial_area,5,3,source,0951dbb923b79feb1ff27d2655a56f2b80b93ef5b405ea8e7e4d28e1a847b477
commercial_area/commercial_area_098.jpg,commercial_area,5,2,source,833730b0cb162fcef28182c47351576596055fbeb6e8900030a9a3792b3b7d4c
commercial_area/commercial_area_099.jpg,commercial_area,5,4,source,5cff0926369a3fc3eabd16787df1ea843820ea62e943570d32d8aa4729539fa9
commercial_area/commercial_area_100.jpg,commercial_area,5,3,source,34f0307b9235866969a843b5aac132e0d87eb08bf63c8710023fc49bfee8292f
dense_residential/dense_residential_001.jpg,dense_residential,6,0,source,1774ae80af4288bba05f23e7611e7db3312ec3db94490bf94f7718f1350defd6
dense_residential/dense_residential_002.jpg,dense_residential,6,3,source,40d54e671f51dbac4ad58735394fed414f8bb630fe7a466134408c0dcc5b9e78
dense_residential/dense_residential_003.jpg,dense_residential,6,0,source,25fdde2dff2d6e78daca0d58b09d111640188e619bd7a8c747dc9f041707dcdb
dense_residential/dense_residential_004.jpg,dense_residential,6,1,source,e971915661f36617849c8d92e0780becd8dae4619ce559e63c8933be95cbc1ed
dense_residential/dense_residential_005.jpg,dense_residential,6,0,source,2005793f41567f3d4bbad2e7fdbaa495d944bd5b4c1bc5d6d1465466d03e8d39
dense_residential/dense_residential_006.jpg,dense_residential,6,3,source,cc8d59b01497b0b275ec20f6116f36ca7cc9361f470bd6e396657179550a8010
dense_residential/dense_residential_007.jpg,dense_residential,6,3,source,d32c0281b4250516311805fff7d4a6e5c376798e2609314228f62bfdf14ef7a2
dense_residential/dense_residential_008.jpg,dense_residential,6,1,source,ead18062beb66cccdab898b4a417e41f9f609bcbb0c0c5daba01465a72906165
dense_residential/dense_residential_009.jpg,dense_residential,6,1,source,186fc081b32eb74d079a2df677d27da1a076efc33d1a5b11b39d2d286eaec574
dense_residential/dense_residential_010.jpg,dense_residential,6,1,source,1e76f1d75e52560e304929209298131ff4f06755f178bcfded49da2c327abbd6
dense_residential/dense_residential_011.jpg,dense_residential,6,2,source,4cbec6e8d1d00c2a5696b8f726948d96ef6992392f6a6270f662846775894d08
dense_residential/dense_residential_012.jpg,dense_residential,6,3,source,64b266958a4ef006e2ea058f027bb16d5dc9d6fa9a695b48e579d80f6a46fb19
dense_residential/dense_residential_013.jpg,dense_residential,6,4,source,acec42b2ef74d5c1147e8e40abb4cbed7b0f77a456547831950f55651ef74b18
dense_residential/dense_residential_014.jpg,dense_residential,6,4,source,a80293e74da23751fa5403d218ba2dd0e092d946374c21111a465fdb75c072c6
dense_residential/dense_residential_015.jpg,dense_residential,6,4,source,4223e435600806d97887d7e258e0de5ab40d83f6bf61b626308c057b9ba09710
dense_residential/dense_residential_016.jpg,dense_residential,6,0,source,925fbe201dc78501511edc5b383f76f5a33d434e6b2178c906f711389187b73a
dense_residential/dense_residential_017.jpg,dense_residential,6,4,source,73c3379c24ff26dcfb9fd5f52afee87f1723b54ebbc53b3808960d5d6e34c148
dense_residential/dense_residential_018.jpg,dense_residential,6,3,source,0978331442b91a5dd69d776be2ad794d7c70fc0c1723c560b2bd467a6f7bed82
dense_residential/dense_residential_019.jpg,dense_residential,6,0,source,9da28b462164991469c8db47b60b18203513aa074b737a0f1ce7fbeb07beca89
dense_residential/dense_residential_020.jpg,dense_residential,6,0,source,83be421548f218230560c15c8b56429052b047cd9b7b1a88e09cc53d22612763
dense_residential/dense_residential_021.jpg,dense_residential,6,2,source,9ccd6ae72a3978139c5a1cbc6ea254e295ef3e4e900d53c153aa946739a12881
dense_residential/dense_residential_022.jpg,dense_residential,6,2,source,e66fadd06df5897856ef1ed198f0b61a0a39a59aa365d4942bc39b2cc5cd76b8
dense_residential/dense_residential_023.jpg,dense_residential,6,1,source,cc36dc6b2f017cf432a94872050a32a463afa50e5e24f26b28aec273160abd09
dense_residential/dense_residential_024.jpg,dense_residential,6,2,source,8e40beb55747ae34be554c10aecac0a2c6b6a411757f6e51d10d8764592c5f0e
dense_residential/dense_residential_025.jpg,dense_residential,6,0,source,6f5d06223c942c0619122e12a7b898d0de96a1272f6750e62a81e72afd3c8930
dense_residential/dense_residential_026.jpg,dense_residential,6,3,source,e1768c67d37246984d17af5b7421b59ea97f3a98dad7a7d2cdeb281dc637a517
dense_residential/dense_residential_027.jpg,dense_residential,6,4,source,5ef93c5c930cafb3e7461b11b88f9a74e36fb44966d0b1e0ede36aa9ccf0f9ee
dense_residential/dense_residential_028.jpg,dense_residential,6,2,source,0a7daeea0c968bdb5ae79eb92821c6f4d4dbddb24c5841990ba9570fe6e1215e
dense_residential/dense_residential_029.jpg,dense_residential,6,2,source,1a0e3f3c6375fe0827887baa29b82bf8b15c1a43755c14d325187bf6f4caa08c
dense_residential/dense_residential_030.jpg,dense_residential,6,0,source,7b74e639e83b0822f2cc248ad20b4c1408911f7ee6b794d3136f9caedaec10d4
dense_residential/dense_residential_031.jpg,dense_residential,6,3,source,5773840eed41a80435f8197b04858ec837a3e0e2c6e8ca93db94fa805cfa5c02
dense_residential/dense_residential_032.jpg,dense_residential,6,1,source,ac7df5f5db32c7ba5e12d96c5df6db6f4a4b7c5a94c038c2387b8a1c1cfe7def
dense_residential/dense_residential_033.jpg,dense_residential,6,0,source,a4f141839e682638c4c08d4bd678110418de5051c35aa7846aa8c12d3271946f
dense_residential/dense_residential_034.jpg,dense_residential,6,2,source,0eb287f2dd19782d38c74129d54c7bb12d91899042cf6f3d2c27672305650563
dense_residential/dense_residential_035.jpg,dense_residential,6,0,source,ebb928ef2187b0a0f72ff31eacb5f71fc3a1e0ad0a735e0ba0a70f591a7d125a
dense_residential/dense_residential_036.jpg,dense_residential,6,2,source,c6ab75f3afd56f98027c97e0ad854557d99b5b2cc4d362c41a457e902e8b03de
dense_residential/dense_residential_037.jpg,dense_residential,6,3,source,5ee91f0687d46781b951ec64e322826f4dcc6b8944cb59a4936b9acacb158115
dense_residential/dense_residential_038.jpg,dense_residential,6,3,source,a58951247ab3b8944e6918a807c6ebe7b5a3ea6f41410e71d5d9af42d133bdb4
dense_residential/dense_residential_039.jpg,dense_residential,6,1,source,968229d137f581c4ce5a82c369b29a3f741668d4eb1033fae819b53dc68fe5ce
dense_residential/dense_residential_040.jpg,dense_residential,6,1,source,5d9f4aa1665e04eaddd7be988c60bc4e1f8cd4db44f6a03c6939806c5bd52623
dense_residential/dense_residential_041.jpg,dense_residential,6,4,source,1cc86c621ab03bd1483cc730c050006e273d41d934060de85c6dfcea0a3ed216
dense_residential/dense_residential_042.jpg,dense_residential,6,3,source,99b9bbfc5c8616b767acd8fc3db86e82e7e73425d0ecb466826630b415e5935d
dense_residential/dense_residential_043.jpg,dense_residential,6,1,source,90366bad4f98fb3f8733e7fc02608811fcc4ee114fb237486068a05a85a39667
dense_residential/dense_residential_044.jpg,dense_residential,6,2,source,03a639048ff6009967f2e718181e40b23b89ba4c5d3ab81f6d88039efc319e42
dense_residential/dense_residential_045.jpg,dense_residential,6,3,source,0c88179dca69c0d998c2c4494606c3bb797c33601204e4c272283ba376a15956
dense_residential/dense_residential_046.jpg,dense_residential,6,1,source,d46b2bc6a34bac2b60807dcf9d4c3356bd0c6d8036de6d4a929f6cf98773143e
dense_residential/dense_residential_047.jpg,dense_residential,6,3,source,ac6c794dd8a95f07cbd5acf6a0ab26d64da573ec07ff6fa815331a163da0cf3b
dense_residential/dense_residential_048.jpg,dense_residential,6,1,source,ae4f693672564baa32777f3c7bc1948d546a6abfc5d345dff303d8e02d1c82e3
dense_residential/dense_residential_049.jpg,dense_residential,6,0,source,13bc2756fda43e224dda6f1b0c099c7391381df0acf74c15f1c25e613440fa75
dense_residential/dense_residential_050.jpg,dense_residential,6,4,source,ebdfc5f6e04053d239451e0be9c6cd85b753c8bafde5b7e3a9538098f5dd8e0b
dense_residential/dense_residential_051.jpg,dense_residential,6,2,source,1febd645c17b30b16d6c4caacd959c8c60454f60b55b3bbe06fd91f912876f63
dense_residential/dense_residential_052.jpg,dense_residential,6,3,source,7dd60c8533ef82b67d0c64e6186af91fdbdcde6511aa2118b31395fecb7ca4e2
dense_residential/dense_residential_053.jpg,dense_residential,6,3,source,7c1381c41fcfe4b8e1048d4ad436fc39381ea9e88811143604a7a0d74094823a
dense_residential/dense_residential_054.jpg,dense_residential,6,2,source,f82c78deac90fcd8ea28501bb510fcc6fefd0a1c6cbb710f735410f4063a4c50
dense_residential/dense_residential_055.jpg,dense_residential,6,2,source,3ed57d1e8ecf9c120e93f00a7197e9b60bb1c3c3ded5974786893e0a2e894fce
dense_residential/dense_residential_056.jpg,dense_residential,6,4,source,dfac0e6f1e95e8c6c58c232e8f2cf54c5bcb9a60b59d49fb627532aac93d074c
dense_residential/dense_residential_057.jpg,dense_residential,6,4,source,c968538521049ee4391ab515ecce51396ebc571dfbbc01baff7f80bcb6dbc48d
dense_residential/dense_residential_058.jpg,dense_residential,6,4,source,c4f1e2a76ed2252780c22636849a03b30028e2128b1482f99a32e6e820db4b96
dense_residential/dense_residential_059.jpg,dense_residential,6,4,source,a2c16c66a2c56bea18db470723badde54c5af09d3886b98276b0ac324ea5a7cd
dense_residential/dense_residential_060.jpg,dense_residential,6,0,source,43d8c0fc7ab42e1c934ce08225dc5b300d0b3ad9ca295f50cc70d6c47df3fda3
dense_residential/dense_residential_061.jpg,dense_residential,6,2,source,496b556993488e5a25be4d7c0573ed183958a6e80ee0780a14ca1cfb30f12086
dense_residential/dense_residential_062.jpg,dense_residential,6,3,source,0a14b4000f7ff08aeb76f813cc207742df0e779985f200ad1fe0f38f35b68f0e
dense_residential/dense_residential_063.jpg,dense_residential,6,1,source,8e7ab62c7dbebb63a9aebd39493857d68e9dd3dd54aa88c18bcd7aa248bce596
dense_residential/dense_residential_064.jpg,dense_residential,6,3,source,9dbdfb11207408c62a9ca87be8d8090af645a1c866eafc4072c305668dbf9ee8
dense_residential/dense_residential_065.jpg,dense_residential,6,3,source,dcb078fd38e033b75de6a846f74c8d10eb516d9138a7008bd83dcbf3b55e142b
dense_residential/dense_residential_066.jpg,dense_residential,6,4,source,78898fd8534eafb522644c8f65db031e5b9c1ad598c72a3b03af8112655ab4c4
dense_residential/dense_residential_067.jpg,dense_residential,6,1,source,251f92c65982b622f9cd3d6106dc91f052a5437f405daded1f7e871bf099e643
dense_residential/dense_residential_068.jpg,dense_residential,6,0,source,8ab7e095dbfc70448f5c59827c8918d351089be4fc336ecb78bd9386bba6844e
dense_residential/dense_residential_069.jpg,dense_residential,6,0,source,a23d825256bd1443618790f5c5ee8a73587ee33e96f9c3028d80f9a2caacc30b
dense_residential/dense_residential_070.jpg,dense_residential,6,1,source,bc2227c839ec7c605132093cf0202019a0227f2d5e5ba1f7bc43c5624b540ba7
dense_residential/dense_residential_071.jpg,dense_residential,6,4,source,9e32db183a02b3d487ebe35bde9b063a78403f903d280259df5bf29decfcf17c
dense_residential/dense_residential_072.jpg,dense_residential,6,0,source,86d56a4b78353e0172182eac7f536dfc906edd2f117e0da5e2477bac853db42f
dense_residential/dense_residential_073.jpg,dense_residential,6,1,source,916b6be1ffdf542fbe4d5a866ab69c2a0c48bb5ec8c3633b3e33e6d778a9cabf
dense_residential/dense_residential_074.jpg,dense_residential,6,4,source,36aec5d176f58835bf76e6a2c042d2b72dbf30b93f20b597f6dc90f17f82c42c
dense_residential/dense_residential_075.jpg,dense_residential,6,2,source,e54b167c696b6588b9ba226bf2192679445b38b6f8f11b2eca205a7b29f98f9f
dense_residential/dense_residential_076.jpg,dense_residential,6,1,source,7316379ca84f1bd607e3931343a3c7357615accae61333b51b03a937ab5eee30
dense_residential/dense_residential_077.jpg,dense_residential,6,4,source,499de5a3e49090808aa43b130ea973384840aceff009d911f7deb189ccd33b61
dense_residential/dense_residential_078.jpg,dense_residential,6,4,source,3fe7d680f9a35b9205f5a868acda2be3e69d39c234b1842b0de3f1e9ce42933b
dense_residential/dense_residential_079.jpg,dense_residential,6,3,source,1dbda1ade71d2725c06958f878610d97e496220c851e76752e4218c3e52064b6
dense_residential/dense_residential_080.jpg,dense_residential,6,0,source,89d076f255b63529d34cf1d44fe60042259dd18906b224d9b3cd9df1e83d864f
dense_residential/dense_residential_081.jpg,dense_residential,6,2,source,08e5ed88e24e328b16c045217da089a56a870f87d9297c548e95bcac0770d94a
dense_residential/dense_residential_082.jpg,dense_residential,6,2,source,1a3579e8063a9c73eaef360c9c10bd2651b7cb3beaa085ec13d393d08c2eb65a
dense_residential/dense_residential_083.jpg,dense_residential,6,2,source,25632969390b7b2303790ab93060bdb1f3694042f28bb82ae1db980ae29a2f9a
dense_residential/dense_residential_084.jpg,dense_residential,6,2,source,d344cfbd6b86827345bd648957f304d379a19022c8ffc6ec8d7cf0818f9e0569
dense_residential/dense_residential_085.jpg,dense_residential,6,4,source,904c8363a21e765f1f3e568eb386ffc08182fe204ead43e623fda73519138041
dense_residential/dense_residential_086.jpg,dense_residential,6,2,source,7c302cf2b5d7900200bcfa7f59244fce1d6a6251de4f910ed455b3d4e1c8c31d
dense_residential/dense_residential_087.jpg,dense_residential,6,3,source,7753a06fe0aa3849bb8c2a3329de74b306220cc52f34ab1680a0dc452c0fc5bb
dense_residential/dense_residential_088.jpg,dense_residential,6,1,source,29cee23f4b65f5d50bb127d3eee7f259ff1a419420e57712f37b2170a38d2585
dense_residential/dense_residential_089.jpg,dense_residential,6,3,source,c061359f7b6cff661424b9cde7041e0345d40f86b89312920e6fc258fdcd50df
dense_residential/dense_residential_090.jpg,dense_residential,6,0,source,0e5230aef03b760d8f843a4a66fe7470ff195b96f28536afea4e8e74b7ca40ec
dense_residential/dense_residential_091.jpg,dense_residential,6,4,source,a76c898412f5f47767fa1cfb489f0cb6f38b0c6069743fc827f4151f8f5f6d62
dense_residential/dense_residential_092.jpg,dense_residential,6,4,source,6496db7e90c6c4381e0856ebb551b8a4914620d7466014ba1c31c75331144d10
dense_residential/dense_residential_093.jpg,dense_residential,6,2,source,14798b0dbb62d19ad8753447e84c1e7aa583f870aa2f95be556772013bddf408
dense_residential/dense_residential_094.jpg,dense_residential,6,1,source,b734ed3cd357762ae8ffc9c1a43fc733e21ba917eb4cd98c4df6ba310c7bcb93
dense_residential/dense_residential_095.jpg,dense_residential,6,1,source,90b287eb6ee09fc04a876d6214c96df8ba30270cf15d1ce1c3d9f73d960c20dd
dense_residential/dense_residential_096.jpg,dense_residential,6,0,source,4b98e19474165651948aced126a398c4d7ed3eb8051b2aa878b73df52ad125ce
dense_residential/dense_residential_097.jpg,dense_residential,6,1,source,870e848f1445965516f75d041c0b2235cf82b425a2e17b5d3d59e25e035d1722
dense_residential/dense_residential_098.jpg,dense_residential,6,0,source,0b20fc5adbb62b9c054392f197243c11b2b95b9a057e66012b367fd562ab1dda
dense_residential/dense_residential_099.jpg,dense_residential,6,4,source,84097e1fe6b01785aab2eed457a08c5bdac7a323028f52093d1eb2f60fb47ca8
dense_residential/dense_residential_100.jpg,dense_residential,6,0,source,7c1218dda86fc3bb8affef7e8c9fe61529703bd09b2f3961dba623bc68f70c17
desert/desert_001.jpg,desert,7,0,source,8a300079b6c39f761d57e386366ae734e7bc954fe159fd014612553878012afb
desert/desert_002.jpg,desert,7,4,source,6da90ed77f714cdbc5298fbafd5c28f10a4eba70e013aa07416ade9de6283b56
desert/desert_003.jpg,desert,7,3,source,9f9d8f95d2428e96809720bca3e60720d82edc8694d21d417cb07a6026691169
desert/desert_004.jpg,desert,7,3,source,c6a1408ed7a77dfaa91feb89a6798f7c17d4cbc6fe1c24685bc14e6c57e93a55
desert/desert_005.jpg,desert,7,3,source,4260bf4aa0915b2477089764cde50302791535742014ed9503b8de2f051a31a4
desert/desert_006.jpg,desert,7,0,source,952aca9e919e158e4f1516164b98bb9d617cb26295c6fcd4dd81a7ca295f8538
desert/desert_007.jpg,desert,7,3,source,0716e7a99393fe21c137424d4cfac6308b175397caa7b6c12f2a0261d06160b2
desert/desert_008.jpg,desert,7,1,source,89b8bef79fba474f58c0066a553ba77d079321bca15e5202fa5806c8f25628e9
desert/desert_009.jpg,desert,7,2,source,e2e682f06b4efc60db0e982e5fb56a7d743068790354d720844ece6ac7a28d09
desert/desert_010.jpg,desert,7,2,source,9e8be26aa539aa19897935fe9b92dba439e90963a3ad9c08958b9d131e1f458e
desert/desert_011.jpg,desert,7,4,source,1d953fca61f3bbce13f48f163da16f186468eb51dd422b506b24fd5d986bab4a
desert/desert_012.jpg,desert,7,2,source,65a56fed7729a4da6aa5c3892d9916652d8caf37894bf9503e842fdf67f821ff
desert/desert_013.jpg,desert,7,3,source,3a00499382e6ac010ace97b372b79d9e0aff59bc4353de1b5a23d694069dfde9
desert/desert_014.jpg,desert,7,0,source,220ceef762c0b18c9961611a2239cb26c3b2d89c8c40c74987bbfee22715d3b6
desert/desert_015.jpg,desert,7,3,source,8a250b92d9fff2cb0959beb41d6662438a65dcf6199a2fe29a8f6eac80ce6ed7
desert/desert_016.jpg,desert,7,1,source,8f1f4df3626195b4151aa204b4a7ac3ee5946605569c7d0c5fe174c50bab2616
desert/desert_017.jpg,desert,7,4,source,021f6604603a7387dbf63d59c68c46f441741edb0fc9ad38572186e624a73134
desert/desert_018.jpg,desert,7,0,source,aab59e3e7df4f0552aec7e317e22d2786daacdc293e3f8d9ed14c009e1d2add6
desert/desert_019.jpg,desert,7,1,source,c6b1c0d3195b4281cceecee50c77106d8b7d275aac4b9aad0b4768b221958bc7
desert/desert_020.jpg,desert,7,4,source,56f3780eab60e75f90b221789a07974d93c4ddd78a86189791adf3c3ef674508
desert/desert_021.jpg,desert,7,4,source,93b8694123ceb03bc0a0350537ea3b85bff5da29d90b9b7c8e4a1031a7211a99
desert/desert_022.jpg,desert,7,0,source,09ed20e780efe3effc629cc936b34942c32d6b3a3ab951d3b3d57d67b7db5b39
desert/desert_023.jpg,desert,7,0,source,69ab0b76376f2e20e5a1b304086d0716308bb8abb9871e5ecb997199fe16cd8a
desert/desert_024.jpg,desert,7,0,source,3cca9bac28e863e8a491c6a32ec5876a8407925892a1083eca4cdc742cf3d508
desert/desert_025.jpg,desert,7,1,source,2f7b5f1244da745b6f71ad15977f4cbb0c4b7f491c625f89eff7b9faeb5cea69
desert/desert_026.jpg,desert,7,1,source,01323404ce4b384a61e948b4ba96100a89eac2da4e64fea6725f5675e3cc08b3
desert/desert_027.jpg,desert,7,3,source,73e2f5b2199d0a6f86d16f7af3cc213c5e9c5100f839d55eae91f472efa9b7f9
desert/desert_028.jpg,desert,7,0,source,3fb857938c2c66174826209526fc35f4cc32a5af70d50a1c53b82011dcd67b4c
desert/desert_029.jpg,desert,7,3,source,f7c3993f64405f7eb27687fd16408f3ec65b292c8fbd7a205ceff276477b2dee
desert/desert_030.jpg,desert,7,4,source,f69ce504f7d542480ebfcdfa09cdeaf0db7809f1dba623a93c081a690d83665d
desert/desert_031.jpg,desert,7,2,source,6def04af9c65ff7cebc6585f6962e5e70bf16c2feb34012459c2d63a528ba871
desert/desert_032.jpg,desert,7,2,source,3c8b1628f181b3f73ba62ec28ccd2842e8dd2f3e34249c4af3bb9f03c5d934ee
desert/desert_033.jpg,desert,7,4,source,1cf010ac878afb9680b96615fd0bb51a34713cbdf14c700445740c1806b3d85a
desert/desert_034.jpg,desert,7,1,source,7417aaa3335654badbf3fb8b82ea36f6f8115706ec7b1b7b584ebe396ca29bb6
desert/desert_035.jpg,desert,7,3,source,fee1e9ddf2d03992bfda91dbe9ee79d84fd9734874219ee55be9fa6bb8adddd2
desert/desert_036.jpg,desert,7,2,source,9a6e0f04974b53479ea64071c1c6a39b810e9751426440eb9cf223a1ed571df6
desert/desert_037.jpg,desert,7,1,source,e8f29af44588195c0d446fcff35bf31a55b868e3670d58e8e1a9b64be85b5375
desert/desert_038.jpg,desert,7,0,source,eded3d0f732097314db068a6f9e0eae5b86ed52249f70efd2f186ab07d095300
desert/desert_039.jpg,desert,7,3,source,c40eec323eae09566c01fc26dd25b8b5e117a31f2014df54c90a8dc207f0c6b4
desert/desert_040.jpg,desert,7,1,source,9c006d24a2901a82c693a741127233cd628e9ef62cc10aae38bcd90a3f33b27e
desert/desert_041.jpg,desert,7,3,source,2bc8f652ba6b587abfd839f661138aa47d6b188906111aff709b2c82e07f86c7
desert/desert_042.jpg,desert,7,2,source,a23445d295ae9ae8010b8c8b817af195664d4abb90c8c3eb3c17b874cebdf35e
desert/desert_043.jpg,desert,7,1,source,d3b330e539bd945d4fa3de461b240528693871d5f301448d44b13d9428a090b0
desert/desert_044.jpg,desert,7,4,source,3a3e2dde196e316ea414cac15f7fb49baa7f31bb5a78df77a2d2a8af851c2b9f
desert/desert_045.jpg,desert,7,0,source,7dfde5346914af86af8c10ac8493798d6fc9c45c8f67e32b96eefa2ac320df34
desert/desert_046.jpg,desert,7,4,source,72e4cde6fbafe9ebdd7c589afdce3532de03e04f2466423208db7e9d19852ed3
desert/desert_047.jpg,desert,7,1,source,c8eb7244db06f07c0b05d27f4b17a858f8b082b6721c7256eb7955fd847f8b10
desert/desert_048.jpg,desert,7,1,source,b200100e517c6dfb2ce3706cc44ce3c974df9fbdb1299861131f8e0d7ec793d3
desert/desert_049.jpg,desert,7,4,source,a5ae732073987655a756eacb1b77909b90205712a1f085b3bb1e42282bf0906f
desert/desert_050.jpg,desert,7,3,source,6fa1ad50f6c4ffd12b39fbb22d19ff063d13386af495ede7bb1d61f9957edd56
desert/desert_051.jpg,desert,7,1,source,de5a42385039fb9bd52e00bfe962c859cac74f74bbbaaf19999b5eef029ba74e
desert/desert_052.jpg,desert,7,2,source,6b143c1dbe1f9d0b2ccb90ad2a3c3ab4ea941a2533d0eafc71aedc111a871789
desert/desert_053.jpg,desert,7,0,source,bd50ea54e9946ea962941d68863cddd13dccad52167e915a1eae46a25b41214e
desert/desert_054.jpg,desert,7,1,source,5444d96c76738c671ff7e283cc1e828b8ed5f46ae252db39f6791c68215a6084
desert/desert_055.jpg,desert,7,0,source,a2a589af86903f49415de0039dbd053a6cb431aaabd92ae2a5b3a1a1e3592896
desert/desert_056.jpg,desert,7,0,source,8f32a50e788c9ae7ac248f0b65db4c08c7c7c720f53b538403fe02ce95d81e84
desert/desert_057.jpg,desert,7,1,source,2ac20fc281d7ab1f48cdb994602182a712c20bea505de422382cac8097ca42a2
desert/desert_058.jpg,desert,7,3,source,cc7c648eccc11020215ce1054c5574a2a4209f24c2eb5e3c87692acaee66184a
desert/desert_059.jpg,desert,7,3,source,8e1c7399e7bd14c7d2e042e3bea691ad7cec7f996d83defad9e8dcc466ae24ff
desert/desert_060.jpg,desert,7,1,source,e25fc2156af44e134e28eb39f951a0cd5cceca0175c1aad4690aec20df969563
desert/desert_061.jpg,desert,7,2,source,96105ec7cbc4eaa0d6678c1b5370ab2cdac5880b80159249bbc3417cd71b6724
desert/desert_062.jpg,desert,7,3,source,5bec089172a61508067ba23936f341cce6a10c22680296c2535957c6f3b9d959
desert/desert_063.jpg,desert,7,0,source,fa755e361c5ec8417fe42e5deb8e77edcfe11478187ec506ccdcdf9ce23dfe23
desert/desert_064.jpg,desert,7,0,source,91eb702b6c0b4083a68aaec4ea9ffa721580b22e9dee857f0babd53508ce23ff
desert/desert_065.jpg,desert,7,2,source,6e77f92bfc74de7e5bb6b978847d8637225d8c95055f6254cea78a9576ec2e27
desert/desert_066.jpg,desert,7,2,source,c1dea6974cd150ff81a2dda6f3483ff5a45c956a9ecb873853972963ab8b8bd8
desert/desert_067.jpg,desert,7,4,source,8cf668830b4e165beef09cfb4f779d745b21d2af115557e546a0ce176473b9fd
desert/desert_068.jpg,desert,7,4,source,9ea471400162293784997f8e2cb685e5af13fece983d8362a9dce386dd6f55b5
desert/desert_069.jpg,desert,7,1,source,38fe1082ef741b2f61a46190b8c89bf51529ee6f7101159d24f6d39307d78c8c
desert/desert_070.jpg,desert,7,1,source,80aba02af6229ceaf2636e995af11fe2e96bc798ad336a04b553f5db19383920
desert/desert_071.jpg,desert,7,2,source,56ea86cfb0e6f3478ac427d20d84087b53a6b2dd8a8f4b47f53cf35869bda308
desert/desert_072.jpg,desert,7,2,source,53f4665f5fa92831236ab5cc8fc0070ec127c05000bd918e8f1826d9da44829e
desert/desert_073.jpg,desert,7,4,source,263723f7ab35979fa53295b0c545575f6be6e8e5734b3a4513badcc199338b26
desert/desert_074.jpg,desert,7,4,source,d9a6f68be55c3d50856fffd309033fde7d084f8649ba000c736291ab8514e9ac
desert/desert_075.jpg,desert,7,1,source,a84d73353b6823cd23e29c1f1f4eb4f44c0038131cb7788b75e239f233416675
desert/desert_076.jpg,desert,7,4,source,34b3c66eaac073c922878b92ed3600fdbc429dcb33991f4afdb8137ff4eb55c2
desert/desert_077.jpg,desert,7,3,source,f2105f450a59032a2d2bd9c448456ef8b2fd5938e9a9bb937e554e18ccfd101a
desert/desert_078.jpg,desert,7,1,source,29ffb85191ff6c701cce2ec9021166b224f9b39435f2d9e60822d3ae5968ac11
desert/desert_079.jpg,desert,7,2,source,a35430ac64d90bd2d78c60a6dae322057ed6256d90f5c84bb266a85e6d7e2a58
desert/desert_080.jpg,desert,7,0,source,3d26e83b868fcc867cf807a1a1e7849abed00214c5730deeac14645b2e75398d
desert/desert_081.jpg,desert,7,2,source,bd51b33c9a29dab4b83b645a81b6adb6dbe36b23bf80530a77a6aa02ec1b0862
desert/desert_082.jpg,desert,7,3,source,509dbfeb480e9d3b34a6140673a9bf7ab5fe16dc10c3d5c71cadbafb6afba5b1
desert/desert_083.jpg,desert,7,0,source,b497bb5810bfcf12af754c539c0095d7bd9cd5254adca6907b0612137f3a5027
desert/desert_084.jpg,desert,7,0,source,810a7259a824168352ff883849bdf581538bf247aa17883c7be24cad8ae4276e
desert/desert_085.jpg,desert,7,2,source,fcccc5fffacf0eb3d6d05448e1168dd4257a3985d0833d4a546a8bcaa5cb8da2
desert/desert_086.jpg,desert,7,4,source,c5ca1533acbe95d8ba198e604a8396171ddba6778292dc7b07cd1c49d402779c
desert/desert_087.jpg,desert,7,3,source,7215b32e0dc5cfb99404e306fe8202e011cb5f3a1e4d4406ce7d21af5510e289
desert/desert_088.jpg,desert,7,2,source,48cc177df2552bcb40149ba93b922a598e7d80224523505eea54d6927d56d1cf
desert/desert_089.jpg,desert,7,2,source,ca76fabf30fe9d803ae6478e60c4d5e8e1825180805ce7f4bb045d4a5aa1b6f5
desert/desert_090.jpg,desert,7,3,source,c1bfb6fdd9904a9234eeccb206f20920faa3c85ec6edd32b3b294ec94cf5464e
desert/desert_091.jpg,desert,7,0,source,ace4f23d9ae40e897f6ae5d758fbb70928cb0283750b09f485921b6a83f9cfe3
desert/desert_092.jpg,desert,7,4,source,84c40cbff4621b47b3ae6b76dad2449149123446db4f25b6ef05d4886aa6b7d9
desert/desert_093.jpg,desert,7,3,source,dc31173f4137da687477805053cb652c7d96e3b2c7a14a2f3fc56204b506bb01
desert/desert_094.jpg,desert,7,1,source,430397e5d9a864907d2a1fe63b0c83e5f32a7be246e7c106307673f7966faaaa
desert/desert_095.jpg,desert,7,0,source,038e99f39436877c28c7f5c1bc9d4887bb87e632159595f353a308da4821aee7
desert/desert_096.jpg,desert,7,4,source,299cfeee2940179c4b9725708562fd6bd6b63d49c1b247da5e968e7abdb38012
desert/desert_097.jpg,desert,7,2,source,0520be8f90ee9abaf72185a44907908b4d62c4a926a7a9f63045e83d8f0f7ae9
desert/desert_098.jpg,desert,7,4,source,def9fed0033ebb3a62e275a8b8619be6c107e307f69b12422911741ab6c0b0a8
desert/desert_099.jpg,desert,7,2,source,c8b5e0b963ad04a7c199c1c510e18155dd5bfecb27471b872f0a718275925029
desert/desert_100.jpg,desert,7,4,source,bc9159e74af83ba8bb9a714ac815b420323346b0376ed68a705b1b3cc57cae33
forest/forest_001.jpg,forest,8,0,source,7a97a76e1ec4b7dbb242046d727afd930f7db4d7dd893029693664dbfda85508
forest/forest_002.jpg,forest,8,0,source,aad569930d9a5f15341637f944f6057f7417c9c5b5f8423717b9f9247bf94179
forest/forest_003.jpg,forest,8,1,source,0f5b78a557ffd881619f50bd115edcd4d6052372a181a87cc5cf51520854c5d5
forest/forest_004.jpg,forest,8,4,source,6d09942f89c04e9840d5a1db982c78c4e179877c898c505279dd592363f22ada
forest/forest_005.jpg,forest,8,4,source,be98d22251ee9a343c57106d1e5647cfb09519246487629e6756b7fc00dd5a19
forest/forest_006.jpg,forest,8,2,source,b76a03ba8d7cdad411af680429fa1444f09708be5067e3d337c5320b6012d946
forest/forest_007.jpg,forest,8,1,source,eca7106e030a8aa26c06a10f4db84a643f6a923663d5cf9ea5f711ae7accda15
forest/forest_008.jpg,forest,8,2,source,cf4b2c6c77fda50429fa4398c61773333dad8cfd9f43232ff6d2bfa342652e13
forest/forest_009.jpg,forest,8,1,source,dd146fc9afb96ed54b57230bcb49ca7ef420dea9380cd9f5ac2e2f0b9607d1f7
forest/forest_010.jpg,forest,8,2,source,b68b85e585e23150a6262f7adb4c026551539c7008c1910c5f428ce7d96a532a
forest/forest_011.jpg,forest,8,2,source,0f48133631ef08a51082ff4cf355ec3c7e3c0bb6ddb2d4b28e906aacf9df3204
forest/forest_012.jpg,forest,8,3,source,dcdfb8280afa02e42ce8c376413c4c6d06148a3574b5b618db0f3870439ddc8d
forest/forest_013.jpg,forest,8,4,source,11dc073072ff6b842481d69bd9f941e288405000675ef9fee9680fa5c8ed71a3
forest/forest_014.jpg,forest,8,4,source,349de4f17e5b457cd1e4f108949083734086334f3d486fa2f52be78fd4b96945
forest/forest_015.jpg,forest,8,4,source,b698bf1aa77b836b8dde7146caecdaabafdef6df18e31474222e74f476eb766b
forest/forest_016.jpg,forest,8,3,source,9093119432c04df0699216387a284155e81049266e4ad4272a8555755ef7f624
forest/forest_017.jpg,forest,8,0,source,1db10a740c3a21b301a9d2d2c1d5bdea842c60e9b63b2d2f97dec8e1b0111383
forest/forest_018.jpg,forest,8,3,source,789a7ea81737cf161c7c78e1fabede947a4f5ae441628047f1fcf1c5eeecde89
forest/forest_019.jpg,forest,8,3,source,6a79e5ff9b83a6e3c8e3b818530cf9e7705a31e01333a0ad5d6c01a8d51b10e0
forest/forest_020.jpg,forest,8,2,source,8aa3feace6acc6e81412377bf89d2676ffec6f537a5c9acc64f28e274b71be84
forest/forest_021.jpg,forest,8,2,source,1a97b9ad991b40378e40a06af0d56280114caca2f478026ed842ba546b6c3358
forest/forest_022.jpg,forest,8,2,source,bb3f57986db8d9e08c1aacac5b1b17056fd9f8ccd0f2011eb99fe0522a29b508
forest/forest_023.jpg,forest,8,1,source,765b5e55ebf5a1f33f4602ff7d2df135593bf7788ee6413b0a0eb07536ba835b
forest/forest_024.jpg,forest,8,1,source,764f24a4997dea780444ca9160c58b481b728685f85e79b5a9f339f20cd9331f
forest/forest_025.jpg,forest,8,1,source,b2d7cca6e71fb0ff170ddca679c0bc669121984c0e7c993be801ca678fe3391b
forest/forest_026.jpg,forest,8,0,source,88741c5b51d83bdd3fad5f86be684762027a7044f8d5539bb278ef21efdb643f
forest/forest_027.jpg,forest,8,1,source,0322768ba468cf411ba374c11d8c7bc1006504eefdf8ce7dde69b6c41fab73d3
forest/forest_028.jpg,forest,8,3,source,1286ba44e50172ea074110a923a2a8ff49f2e9a6bc8ced9d9e374d93ed2eaa44
forest/forest_029.jpg,forest,8,1,source,b534369cedada1fd5cffc2f2342e01fb7d72f0721355f53211017a517cd2fc5b
forest/forest_030.jpg,forest,8,1,source,1402ce854b156cae964092b9584df716b4e296179d9dbed2311b5168b5697a4a
forest/forest_031.jpg,forest,8,2,source,6a5867c7ccbd4477c2d61f601c36e4f1a87d8f8bb7f3ed8366a28ec0301d0b05
forest/forest_032.jpg,forest,8,3,source,6dd1ffe0324eaa5bc94b3dc30db5d2248c726b9dad81cb46dfb39ef2a3f51b9d
forest/forest_033.jpg,forest,8,1,source,5254c3cfd82e20f94998f796b3fbfb6659888f933ff179a53e146ac80d38980c
forest/forest_034.jpg,forest,8,0,source,a68248a88849b2e4a6f827f1918e4f8005eb3d391a0d8cc498572be0e4dd2918
forest/forest_035.jpg,forest,8,0,source,7b6b029cdfcecd219549dccc9b1f65507b63f2948d6b92d17c569a9df73455ab
forest/forest_036.jpg,forest,8,0,source,fcacecfdeb6a0a3de4ba070adbd74e7d7078d0e7a044616f99cf835fdd820860
forest/forest_037.jpg,forest,8,4,source,a963c32bc0c84e5a31f5663bc3c93aaae6f5d356ee26e604534bf4ca2d094fa8
forest/forest_038.jpg,forest,8,4,source,5b5c76d5a50c8ce8a72935c09e1557abb173f6346d03b81702ce0fd3c65b356b
forest/forest_039.jpg,forest,8,0,source,2b4273d2e532919a7be0ce01c1d73f3b30c76918d87d6ef3d333f5f22ba3ad68
forest/forest_040.jpg,forest,8,2,source,e2bd3f8e017e8b82235c7aea5485790a9655a347c4d7fc71d24fc7f79b5c1470
forest/forest_041.jpg,forest,8,4,source,8868add24019f4ee791501ed4cccdbb52eae2f5d434d62635e27b5c4b80eecc0
forest/forest_042.jpg,forest,8,2,source,5fa8591f787a96fef87d20ca8aa86c771051ad02f7dacfca93022d41f5c5949f
forest/forest_043.jpg,forest,8,0,source,cb654f40b4d31eb80f0d98a499342fb1c748111b7c95fb6d3b4c8f47b0b6d6cb
forest/forest_044.jpg,forest,8,1,source,5f3013f097ec79663cc19560899fa695e4f04f2b86a801ef86a5295c30048811
forest/forest_045.jpg,forest,8,4,source,03eb0923f4b80b4f887b63a40ce7634b4678b7954e5dbe185ff4fda24d5ff662
forest/forest_046.jpg,forest,8,2,source,e6255783ef331deb520f09377fa6d44a58f89e1ed2e5978cb2081d7b7edec8ba
forest/forest_047.jpg,forest,8,4,source,91150dff7e82b74e2b6ea0167efd0c302369c4aded39cf73a518af391c3115fe
forest/forest_048.jpg,forest,8,3,source,07f2e2026459772bed96e92cfcf734d1e5a9bc9a75ca91c26b268e78398398e1
forest/forest_049.jpg,forest,8,0,source,5bad2ce10e15aade8574056b484500fb34777e48f612adf5fb46dc268312af27
forest/forest_050.jpg,forest,8,4,source,b49ef4ee4c6bb603b6140ab157eaa7bbcccba2b796dda91492ac5926bb959e84
forest/forest_051.jpg,forest,8,4,source,049e5821dc83fb466fba6cc738dcbbf17d134a15ffb31afbbd4b684344493d1d
forest/forest_052.jpg,forest,8,1,source,fcb7c6db231d1c90161fef263db846e3cda42918a54561efdba1c19816a3b1f1
forest/forest_053.jpg,forest,8,2,source,2570ca01a64a6cba609c78f2b00a19da30ed49091de1ac4c8c3f9e4e6122c187
forest/forest_054.jpg,forest,8,3,source,97c990f089123488d1c7a424f3402883fdadc675bace4d4266f2bb8451fa180a
forest/forest_055.jpg,forest,8,1,source,6c5c4e9b72f8637b9a14987fc630341e87e7b38f2dc37c34979025dba319f12a
forest/forest_056.jpg,forest,8,0,source,00abf47921e6f9ff62cbda47082ccc8d689b5b1ec40ed1050428d4149be2429e
forest/forest_057.jpg,forest,8,3,source,0735fe41a9147b2764c60b9f1c66907682b12a4dca7d6ebb74f150772955bdbd
forest/forest_058.jpg,forest,8,3,source,98d3f03f240f3f5a8d4e64d5d8461b00836e9844743fde1da7ec5cc823fb4c6b
forest/forest_059.jpg,forest,8,1,source,598052e3d37f231c264a06a5966d4b9a23f596c8bed49e7496be652af2aef52b
forest/forest_060.jpg,forest,8,4,source,7e2736486ed17d75a5ec431288c94e6088872061bca6556f789691ae0cb5bd39
forest/forest_061.jpg,forest,8,4,source,ebde1fb1a2e85c2b917369781eca12eae8cb8cb805da581fa9f97563078a4b25
forest/forest_062.jpg,forest,8,1,source,da8f65c9532ca67a505631507cd256342d99f7325910d69e3068a5c36323d8ae
forest/forest_063.jpg,forest,8,3,source,0387e3379f255e2be5bdce95a00832458f891e3b747a3aac8606bc9310b3d467
forest/forest_064.jpg,forest,8,1,source,7f14683a19e7e77435fd1d637a83d2e5865cc037d6e349486abacd325f0cc85c
forest/forest_065.jpg,forest,8,2,source,be90372c6169de62dec1f6271a422a05017ed8e62532be618fc77ea4aac9cac5
forest/forest_066.jpg,forest,8,3,source,078e87a3067f5b52070c72dc6001f3e1f00d678edbe0735da8273bfdab86e87e
forest/forest_067.jpg,forest,8,3,source,74d061f1d60cc4a52290afac263052257c9095b70fa32b3ba35c8822c575b492
forest/forest_068.jpg,forest,8,0,source,78e637b46d66c998c004de307ed9b5ef784545f6706458227ba3e3dba8bfa2d0
forest/forest_069.jpg,forest,8,1,source,af9e1f3f136a694447cf983b04d5935678a8dc34d8f2416dff6a24f06126fe32
forest/forest_070.jpg,forest,8,3,source,dbf252e11a4daadc94c56bbfac95797190747ee25d87698e527123e5147d49e6
forest/forest_071.jpg,forest,8,0,source,f18e080c3bc39e1d5f763472fa14b0baa90f9665dce35b2fedcc584c502e4d96
forest/forest_072.jpg,forest,8,0,source,069aac737c0968c2b9581ea893eb5fda7d0c3ca74ce6b01ceab17b81f14d8a2b
forest/forest_073.jpg,forest,8,0,source,5e86aac5d008980f82d92ee7fe3e4f6293ba1a911c209b668d3fefddafa4262d
forest/forest_074.jpg,forest,8,4,source,d1731221e4297326177ab150047652f422dbed3bfa3e4bebf4271d4ef1573b98
forest/forest_075.jpg,forest,8,4,source,d4f4444186d627d13d02f365f15daf8dc1288b93ed46e08a4d332d4ef791e6eb
forest/forest_076.jpg,forest,8,4,source,c9e440be5563377a7c883df509c830bfba59a6a1d832687d3cc8a645f067cac2
forest/forest_077.jpg,forest,8,3,source,7ca8a76fcc7c137b1034df12cc18e6d3148b16b8ce5e7ca4c0f7b5af084ac0a2
forest/forest_078.jpg,forest,8,1,source,a15d5c0128b240776656b6795e5f15b60ad0299301db2a0c483263112f3d7881
forest/forest_079.jpg,forest,8,4,source,0f1f9f676206eec9fb3d7b508947450bef20644df3b666eab3aafaf82d110ef0
forest/forest_080.jpg,forest,8,3,source,cc97decb46a8bc2ba6f10f174d68f17a8d98f2fffc0c50d88a2d5c0834f3c66f
forest/forest_081.jpg,forest,8,4,source,a2c0fd8b2f334bb451f1dd540083252a3b2f513e095d3fdf2ffb59f2b70e3260
forest/forest_082.jpg,forest,8,1,source,18722f5a2a9be49ee86a32751272cf99bf3a722938a554a1efd88ae114ab6cfe
forest/forest_083.jpg,forest,8,3,source,43f7ed43e9b41d0697dab0a10d4019f52042507e549e0797830b817a55cf4ae0
forest/forest_084.jpg,forest,8,0,source,b7deffaf649262a1db23dadfdf61f7625c573e2bfcf6b89b48a38a851edfc191
forest/forest_085.jpg,forest,8,2,source,37ff68d1918ecfeaaa30164897e5b7a9d7985db76f51fe7fd867f4219a2f6cea
forest/forest_086.jpg,forest,8,2,source,1d78b5deb0d147361828f7c3aee6283e426674aaf6db3e5d23a3c275be1b4896
forest/forest_087.jpg,forest,8,2,source,5d3a861438cdfd1027a8b7c177b36a90a9fdb74bb76ad172c488afd3fd14ff60
forest/forest_088.jpg,forest,8,3,source,ef9e7f922f77256e866d8b0cfd3f255a2baa2258b100708fe8711bb87f395752
forest/forest_089.jpg,forest,8,2,source,8028738c7566ada7e704cd14825f941cf801bd2147d1776ec7590a68daed7bf5
forest/forest_090.jpg,forest,8,0,source,30d2d9e6dd45077c03bdf7a6fe4a38c20b059742ba5b787b9a7e9664c919ea08
forest/forest_091.jpg,forest,8,0,source,bdbd0c616943d0a21af968dfc059257abab4d8f307fbd03f4256e61744f0278d
forest/forest_092.jpg,forest,8,0,source,967dae27b6465783cbc2d3d8d939a29dd19e423e395261bc3e0ef77c4a860e08
forest/forest_093.jpg,forest,8,2,source,6342e9c01f6ea4f60d35c7e10b834dd9296f46f15737aaa23f4c489e10eb937e
forest/forest_094.jpg,forest,8,3,source,0e207245277ac70acd98c0583d7b626bdbea9acf47f328c651d413b56e436ddf
forest/forest_095.jpg,forest,8,2,source,39e0608fb380cb337da0678221ba263798a0ada4fd0c7de98615348d5e160e7b
forest/forest_096.jpg,forest,8,1,source,c908cfe510bc2a3f75d79fa31017667bd17c9277ee260b434104b46c03137591
forest/forest_097.jpg,forest,8,3,source,02e68e4b56ee8d7e5401838d74d94ea9c71b61f86c6592829f2a1907bdccf4fb
forest/forest_098.jpg,forest,8,2,source,6dc965a956cd9dc7bde7fc1c51216c8e595898fa439917080302cb6321c125b7
forest/forest_099.jpg,forest,8,0,source,581f6425c61cc0c4876e02ff7e66264e6d598ff39371e94c22b168a6441e9584
forest/forest_100.jpg,forest,8,4,source,ef5647fffb7627be639d7b3a485c84a666cd9bec61ff88fbb273b0905677a63e
